Time,X,Y,Z,VX,VY,VZ,Euler 0,Euler 1,Euler 2,Euler 3,Omega 1,Omega 2,Omega 3,Latitude,Longitude,Inclination,Heading,Ax,Ay,Az,Alpha 1,Alpha 2,Alpha 3
0,0.0,0.0,33.48718842196614,0.0,0.0,0.0,-0.008726535498373997,-0.0,-0.0,-0.9999619230641713,0.0,0.0,0.0,55.432968,-5.700802,90,181,0.0,0.0,0.0,0.0,0.0,0.0
1,0.038553232188787416,0.11108756098269039,61.176960952797955,-0.4147453207742461,-1.2216949301233608,59.11970363814517,-0.008689087817570143,0.030214803317916178,0.0908140990508812,-0.9953700989158777,-0.5099658692986831,0.16523198279216944,3.116842916449167e-16,55.432968978770056,-5.700801401076935,90,181,-3.7854242498368467,-11.09572974043972,61.78084474799397,-0.48771897818868976,0.16105474380312806,2.655809220564795e-15
2,-4.58509606373387,-13.372771816954607,147.9453944553395,-9.972478256295263,-28.975726230964693,112.37273033772955,-0.008824704524960416,0.06694034757481883,0.19715633432979965,-0.9780434996254588,0.28803496650770755,-0.08875779874552153,9.397042732970246e-17,55.43284758814328,-5.700874766085051,90,181,-9.199231651237746,-26.407812508532363,52.53814615462962,-0.04411026130507876,0.02013321340724097,-3.497936679698888e-16
3,-18.340375852706938,-52.99770946390639,285.85451386562926,-18.04663206266963,-51.592561975939994,159.94534482128202,-0.009284649234228282,0.074270467572951,0.21047448761913337,-0.9747298702139376,0.1115979751317565,-0.03100396939381717,4.954895453185387e-17,55.43249078985419,-5.7010930653620475,90,181,-8.314836619680355,-23.00021742045824,37.956975974095506,0.2782189957018508,-0.08760840339045863,-1.533113274067516e-16
4,-38.35471294674503,-109.97082217754586,454.40606267901916,-19.77949705528589,-56.397170278997976,162.59840370097928,-0.009834849046232157,0.07863407315744347,0.21531398935817955,-0.9733242323535637,0.007072519508654182,0.0034395978210679584,-7.604776752002259e-17,55.4319778724501,-5.701410631399751,90,181,2.574982756678165,6.877290071838995,-21.013996699882497,-0.40524109145787346,0.13409871698127485,3.9878450874998548e-16
5,-57.07091828290196,-163.5811076589386,606.7303114704902,-17.750164177733623,-51.11931803705302,142.43739348236048,-0.010341116268001141,0.0864422500044937,0.23007403920713182,-0.9692714559002509,-0.02794879440990918,0.015403657975216527,-1.5434841640020787e-13,55.43149519233613,-5.701707615566961,90,181,2.00340409632192,5.16583395603746,-18.642307603728934,-0.15602033892020697,0.05235915142107773,6.991751447824801e-13
6,-73.94191698713452,-212.47047016256823,740.0917946905964,-16.043954627286073,-46.81611499273741,124.61723359258681,-0.010882229294788631,0.09487838232341654,0.24597877280849745,-0.9645592530348152,-0.030602909534427323,0.016506915487479526,5.246380444704039e-14,55.43105502271185,-5.701975309379231,90,181,1.6460750874528958,4.113620899162107,-16.709742146335582,-0.06485958079105139,0.022129253604532124,-2.0723819975873852e-13
7,-89.22150369870442,-257.4143378265641,856.5930905070145,-14.558843670994046,-43.212559129234556,108.63139211159114,-0.011600276642135695,0.1047062380770725,0.2636157277628062,-0.9588581265509913,-0.03166955802268994,0.020448636248381606,1.1681108594271765e-15,55.43065036303728,-5.702217755086138,90,181,1.386731715145026,3.349908445993255,-15.18167032650133,-0.019454390360760705,0.005048902104663482,-4.039846541192214e-15
8,-103.11731494625452,-299.0358670860754,957.8602207086757,-13.264669138878382,-40.139711527075846,94.09714215393377,-0.012393912547415207,0.1158798308648505,0.28364126320055016,-0.9518222605352953,-0.043965983176986495,0.02404958501869788,4.166907343110458e-17,55.430275600694294,-5.702438251191213,90,181,1.2046879232798167,2.7740283979041185,-13.962957997047178,0.006101236057150684,0.0014739946410576373,-1.268125660389002e-16
9,-115.80273942429746,-337.8398201751068,1045.1670193941707,-12.129930504554608,-37.5274862400239,80.68980159125188,-0.01326198813699093,0.128451551557116,0.30630303863711306,-0.9431346007957782,-0.055455357030648675,0.028139132015008093,-3.176066649429228e-13,55.429926230084156,-5.702639520720108,90,181,1.062289210259647,2.4123968766247423,-12.926756377033875,-0.010626174880514204,0.004017145527290142,8.546193568105474e-13
10,-127.42381349659928,-374.22599979626057,1119.529450683452,-11.132982162386659,-35.29934889422518,68.16949485362525,-0.014072847500565531,0.1429259828894446,0.33369045212760473,-0.931678498753135,-0.06315390569272993,0.03216201274771616,4.0231417372790675e-13,55.42959862107161,-5.702823904426382,90,181,0.936714274520996,2.0784990891875985,-12.124316292201078,-0.0133830882875697,0.005164765114467879,-9.58148532947856e-13
11,-138.1073002116782,-408.5330205278603,1181.751008609625,-10.252378783199948,-33.36241642405783,56.37906272973153,-0.014836003552051183,0.1595821565003642,0.36608917601942015,-0.9166746734462051,-0.07784468995969854,0.03774809646847043,-2.2312712987735048e-13,55.42928977036763,-5.7029933777749315,90,181,0.8267221340648809,1.7958057577157807,-11.487869764761566,-0.012997170960941853,0.005653053036208391,4.712979750515505e-13
12,-147.96262952618085,-441.03795936564615,1232.4764041214141,-9.473975197009562,-31.684714110058458,45.15865412309181,-0.01552068194588759,0.17869844341811794,0.4041591539833566,-0.8969289978976578,-0.09226562715239323,0.043954613458738453,-1.8549221769985927e-12,55.428997135758266,-5.703149715483343,90,181,0.7322821027516662,1.5703008035882529,-10.96785414993029,-0.017074196437360946,0.007205635452164794,3.4895884047531064e-12
13,-157.07757789448826,-471.97526509883403,1272.2235483138033,-8.764674406442717,-30.225453321342457,34.403870688182685,-0.01647086533557013,0.20122054568024297,0.44817065249839927,-0.8708515615562761,-0.10820471898996906,0.05555506156016187,2.1166692868341726e-13,55.42871854570396,-5.7032943602494495,90,181,0.6718244038565331,1.3623680993204128,-10.556490191766999,-0.016552345071172075,0.011841790016968336,-3.5721850413933544e-13
14,-165.5254674442464,-501.54393562806393,1301.4081623202305,-8.148334198241658,-28.935633380536164,24.02103050465645,-0.017891763870732158,0.2276548536716079,0.4979865095381551,-0.8365781410159951,-0.12863032667115634,0.061952688606269554,1.830774183052904e-12,55.428452316781154,-5.703428390847252,90,181,0.5710989216204292,1.2182357219937412,-10.222721817144787,-0.022625136876115403,0.003453247612183954,-2.808070191663845e-12
15,-173.3963359696091,-529.8945611263987,1320.3632195969699,-7.599959381368386,-27.789017288277456,13.931293649830565,-0.017954054003735388,0.2550960986745461,0.5541896784645495,-0.7921354676018815,-0.14924567037727074,0.06735191275008305,2.809004623610423e-12,55.428197033778595,-5.70355328038258,90,181,0.5294636748488103,1.0791977770262553,-9.969013300003173,-0.017541986705689763,0.007440643338649111,-3.988363796088403e-12
16,-180.73900152236035,-557.1617965284951,1329.344239351429,-7.093592561096228,-26.760886536997536,4.062470040596835,-0.017500496870150695,0.2835778642513411,0.6135705916698524,-0.7367566816533855,-0.1634683336813234,0.07357466865255266,-2.163612325165572e-12,55.42795155777494,-5.703669744012376,90,181,0.48072966812197393,0.9863530061081394,-9.777220898392832,-0.010895366135879993,0.0032277201185079,2.9223019012187247e-12
17,-187.5997572529927,-583.438556790862,1328.5423139410927,-6.639128007965894,-25.810297839596494,-5.641698353935014,-0.016299826009749326,0.3110322017083759,0.671994224964817,-0.671871908579167,-0.16983848128929788,0.07272376409950825,-6.188206772209688e-13,55.42771494471351,-5.70377860775087,90,181,-0.12152504938126923,-0.2102000554273915,-10.165572195951832,-0.0005301197364672174,-0.004778094208100754,8.546424272610298e-13
18,-192.81447314892898,-606.3283690393525,1319.3952373760562,-2.33191152902443,-16.993372047284836,-10.816819351293315,-0.01532603829568339,0.3214563149742099,0.6950918350851517,-0.6428672110304767,-0.16903410345616654,0.07050943240432636,-3.548394655788315e-13,55.427509067980274,-5.703861147449281,90,181,5.858310305518982,12.002085887675857,-2.098443228782387,8.353078241968444e-07,-1.052124376823703e-06,8.18759768993825e-17
19,-192.69009546342363,-618.2743111881141,1307.4952857643557,2.19396019091977,-7.677423800949913,-13.007379433128913,-0.015326038445481712,0.32145631356951865,0.6950918319415939,-0.642867215087349,-0.16903410369134333,0.0705094327474666,-3.5483949492198643e-13,55.42740162732797,-5.703859069629565,90,181,3.5048981190346056,7.261485175166246,-2.245820562873557,-2.4645206321114296e-09,3.1042235677878012e-09,-2.415696686868998e-19
20,-188.96475051824038,-622.7636891011323,1293.363409432162,5.068186109082092,-1.6778821516584637,-15.25228282778807,-0.015326038445029312,0.3214563135737609,0.6950918319510876,-0.6428672150750969,-0.16903410369063307,0.0705094327464303,-3.5483949483336814e-13,55.42736140932298,-5.703799794112595,90,181,2.364816475861469,4.98433719189922,-2.2220878858692856,6.560691561872019e-11,-8.263616502939015e-11,6.430719492904236e-21
21,-182.8344365219282,-622.1867905165197,1277.0185422531756,7.086847599924595,2.6243584427624445,-17.41496692991411,-0.015326038445041329,0.32145631357364823,0.6950918319508355,-0.6428672150754224,-0.16903410369065194,0.07050943274645782,-3.5483949483572205e-13,55.42736650071433,-5.703702623525306,90,181,1.7272342786782873,3.7322676357539555,-2.087875752115903,-1.5984286312278716e-12,2.013324523979888e-12,-1.566762598106396e-22
22,-174.9577748557025,-617.838268674966,1258.5921976343184,8.599730555047051,5.9453231485851585,-19.402363907555223,-0.015326038445041086,0.3214563135736505,0.6950918319508406,-0.6428672150754158,-0.16903410369065155,0.07050943274645727,-3.548394948356744e-13,55.4274061818244,-5.703577246559496,90,181,1.3256321052235729,2.9655656326269484,-1.8767698940584763,-2.3780806488418763e-13,2.995346802964513e-13,-2.330969142503348e-23
23,-165.7459655781824,-610.50420973059,1238.2928834096242,9.776943187699779,8.636411321513561,-21.15338841523998,-0.015326038445041046,0.32145631357365084,0.6950918319508413,-0.6428672150754148,-0.1690341036906515,0.07050943274645718,-3.548394948356668e-13,55.42747206793395,-5.703431238135958,90,181,1.043839439600445,2.444830596056999,-1.6207309242183503,-2.188841101818088e-14,2.7569873207290388e-14,-2.1454785684689572e-24
24,-155.48376883879106,-600.7159442637736,1216.3737695954708,10.713638520629058,10.87293150294782,-22.64023623605643,-0.015326038445041042,0.3214563135736509,0.6950918319508415,-0.6428672150754147,-0.1690341036906515,0.07050943274645717,-3.548394948356661e-13,55.42755991254233,-5.703268648177869,90,181,0.8395901575329136,2.0427245549902073,-1.3531132630339537,-1.454428924691043e-15,1.8319475547787057e-15,-1.4256156304329672e-25
25,-144.37895275641065,-588.8783811557695,1193.10084067227,11.468389630339592,12.748493173627576,-23.86233446315912,-0.015326038445041042,0.3214563135736509,0.6950918319508415,-0.6428672150754147,-0.1690341036906515,0.07050943274645717,-3.5483949483566606e-13,55.42766623266849,-5.703092656305767,90,181,0.6744939781265715,1.719395095016052,-1.094014771220729,-7.037266666284632e-17,8.863893754288745e-17,-6.897853298064333e-27
26,-132.59752607070615,-575.3171423472357,1168.731774648677,12.071143173080575,14.329100633984094,-24.836675541252355,-0.015326038445041042,0.3214563135736509,0.6950918319508415,-0.6428672150754147,-0.1690341036906515,0.07050943274645717,-3.5483949483566606e-13,55.4277882186208,-5.702905815451672,90,181,0.5345708911101597,1.4492674911914207,-0.859779410361257,-3.476583053709588e-18,4.378981823110595e-18,-3.407709416202377e-28
27,-120.27992102312339,-560.3032804619436,1143.5001632916503,12.543994482647074,15.660290327713541,-25.59305691901226,-0.015326038445041042,0.3214563135736509,0.6950918319508415,-0.6428672150754147,-0.1690341036906515,0.07050943274645717,-3.5483949483566606e-13,55.42792331816167,-5.702710436410546,90,181,0.4140721361864603,1.2190395013192445,-0.6588968730587698,-1.174531620946602e-19,1.4793987485228727e-19,-1.1512632957398968e-29
28,-107.54672614403574,-544.0673641416759,1117.6063747314977,12.904781655979777,16.778093504343015,-26.166304266442186,-0.015326038445041042,0.3214563135736509,0.6950918319508415,-0.6428672150754147,-0.1690341036906515,0.07050943274645717,-3.5483949483566606e-13,55.42806995735118,-5.702508165381471,90,181,0.31012028320333723,1.0217114064935189,-0.49347602527151246,1.927763830533122e-19,-2.4281435658921424e-19,1.8895734277116004e-29
29,-94.50216907056036,-526.8073414581551,1091.2162705090316,13.169098565013297,17.713135357200716,-26.591108756523585,-0.015326038445041042,0.3214563135736509,0.6950918319508415,-0.6428672150754147,-0.1690341036906515,0.07050943274645717,-3.5483949483566606e-13,55.428224865075954,-5.702301461623161,90,181,0.22087207725087926,0.8529180921327112,-0.3614831392997574,1.0677418654014402e-21,-1.3448901257739598e-21,1.046589122880169e-31
30,-81.23580363443662,-508.69262208211524,1064.462651066884,13.350890076145214,18.492259341221683,-26.898976112083275,-0.015326038445041042,0.3214563135736509,0.6950918319508415,-0.6428672150754147,-0.1690341036906515,0.07050943274645717,-3.5483949483566606e-13,55.4283888799663,-5.702090658955055,90,181,0.14479288644094965,0.7092821038134867,-0.2587318007722635,-9.091306944437869e-21,1.1451090695369326e-20,-8.911201545175252e-31
31,-67.82383267851716,-489.86709215093055,1037.448837514165,13.462582643011121,19.1390880968664,-27.116708916808225,-0.015326038445041042,0.3214563135736509,0.6950918319508415,-0.6428672150754147,-0.1690341036906515,0.07050943274645717,-3.5483949483566606e-13,55.42855773741441,-5.701878115322353,90,181,0.0804123411063165,0.5877827655056885,-0.18026963977475893,1.1155509932339836e-21,-1.405108822846101e-21,1.0934511171367259e-31
32,-54.33076409892444,-470.4524606767533,1010.2534622100105,13.515165559661744,19.674339178959954,-27.266240393824415,-0.015326038445041042,0.3214563135736509,0.6950918319508415,-0.6428672150754147,-0.1690341036906515,0.07050943274645717,-3.5483949483566606e-13,55.42873257838394,-5.701664030520394,90,181,0.026291812873541973,0.4855923289652515,-0.12129472616724084,4.931134697322933e-22,-6.211083950330629e-22,4.8334453344066305e-32
33,-40.81044520662101,-450.5503971904609,982.9345718914013,13.518161709821829,20.115899549645,-27.364576950652232,-0.015326038445041042,0.3214563135736509,0.6950918319508415,-0.6428672150754147,-0.1690341036906515,0.07050943274645717,-3.5483949483566606e-13,55.42891202638803,-5.701449580316899,90,181,-0.01894614915029757,0.40006848665419087,-0.077634901087589,-4.1119350634229396e-22,5.179248883850837e-22,-4.0304746407503844e-32
34,-27.308371109030848,-430.2469654296245,955.536819288083,13.479816538832342,20.4792367879811,-27.42528189943298,-0.015326038445041042,0.3214563135736509,0.6950918319508415,-0.6428672150754147,-0.1690341036906515,0.07050943274645717,-3.5483949483566606e-13,55.42909480676652,-5.701235480217952,90,181,-0.0565873552978967,0.32877191646853043,-0.045637057775803666,1.7117499826980117e-22,-2.1560601153901304e-22,1.6778389712278486e-32
35,-13.862338865064645,-409.61375651469245,928.092939150471,13.407135966052016,20.77747475282934,-27.45863632637836,-0.015326038445041042,0.3214563135736509,0.6950918319508415,-0.6428672150754147,-0.1690341036906515,0.07050943274645717,-3.5483949483566606e-13,55.42928041095079,-5.7010222032617115,90,181,-0.0877965716996401,0.26953077422647337,-0.02237185729174028,-5.0727728597610396e-23,6.38948640158617e-23,-4.972277541886552e-33
36,-0.5036739873240141,-388.71021595391886,900.6262250742652,13.30604175429457,21.021692997971947,-27.47217999488735,-0.015326038445041042,0.3214563135736509,0.6950918319508415,-0.6428672150754147,-0.1690341036906515,0.07050943274645717,-3.5483949483566606e-13,55.42946845782312,-5.700810245376729,90,181,-0.11358954516902543,0.22040963536509012,-0.005609443176137191,1.0530223392162553e-23,-1.326349927937769e-23,1.032161201208696e-33
37,12.741760529032538,-367.58558432435694,873.1533147574336,13.18148900362988,21.221176001317403,-27.471426628113715,-0.015326038445041042,0.3214563135736509,0.6950918319508415,-0.6428672150754147,-0.1690341036906515,0.07050943274645717,-3.5483949483566606e-13,55.42965893507998,-5.700600443507862,90,181,-0.13485223259233944,0.17974819573752138,0.006336352597770054,1.3091887617851738e-23,-1.6490081503333575e-23,1.2832527807328867e-33
38,25.852905702829005,-346.2800872370706,845.685914501834,13.037554060205043,21.38360174472338,-27.460386245416252,-0.015326038445041042,0.3214563135736509,0.6950918319508415,-0.6428672150754147,-0.1690341036906515,0.07050943274645717,-3.5483949483566606e-13,55.4298506086719,-5.700392492430262,90,181,-0.15240698740989286,0.14626069198997446,0.014739400971668412,-5.402158075913379e-24,6.80436844296108e-24,-5.295137397468747e-34
39,38.81197776613486,-324.82783586430804,818.2332466900706,12.877724918377076,21.515457414921038,-27.442267235380882,-0.015326038445041042,0.3214563135736509,0.6950918319508415,-0.6428672150754147,-0.1690341036906515,0.07050943274645717,-3.5483949483566606e-13,55.43004356900347,-5.700186532004418,90,181,-0.16678815529641816,0.11855901087834578,0.02063468443301542,-1.2907586777577851e-24,1.625794264253974e-24,-1.2651878100673627e-34
40,51.604430748318634,-303.2573036490382,790.8022082258201,12.705097139154931,21.621813556156496,-27.419518386315513,-0.015326038445041042,0.3214563135736509,0.6950918319508415,-0.6428672150754147,-0.1690341036906515,0.07050943274645717,-3.5483949483566606e-13,55.43023789809113,-5.69998414898537,90,181,-0.17803018702977388,0.09480756608356913,0.02481263051393106,1.4663632900792746e-24,-1.8469796619650014e-24,1.4373135673674745e-34
41,64.2196218186276,-281.592704075996,763.3963571745378,12.52347745475674,21.704663822991726,-27.39353899978978,-0.015326038445041042,0.3214563135736509,0.6950918319508415,-0.6428672150754147,-0.1690341036906515,0.07050943274645717,-3.5483949483566606e-13,55.43043270087177,-5.699783209379258,90,181,-0.18460392896658157,0.0710298988047347,0.02765198911613781,-1.3150971500236482e-25,1.6564501484966266e-25,-1.289044119505407e-35
42,76.65027323681385,-259.8568159605241,736.0175883839747,12.337166609384484,21.763928735704297,-27.365197902528333,-0.015326038445041042,0.3214563135736509,0.6950918319508415,-0.6428672150754147,-0.1690341036906515,0.07050943274645717,-3.5483949483566606e-13,55.430628505450855,-5.699586669605974,90,181,-0.18592759825026486,0.04499652481171626,0.029412560496439852,-2.8020009464952194e-25,3.5293019103769144e-25,-2.7464912709021545e-35
43,88.89398651855883,-238.07358754931514,708.6672800684858,12.15082288373943,21.797656498334995,-27.335173153030738,-0.015326038445041042,0.3214563135736509,0.6950918319508415,-0.6428672150754147,-0.1690341036906515,0.07050943274645717,-3.5483949483566606e-13,55.4308245203624,-5.699392201621101,90,181,-0.18620495661499456,0.022353279736347764,0.030540479217586156,9.040552088907944e-26,-1.1387161663222952e-25,8.861452180228319e-36
44,100.95097371969327,-216.2667953029183,681.3470793795585,11.965278494070828,21.809159471863182,-27.30408189902849,-0.015326038445041042,0.3214563135736509,0.6950918319508415,-0.6428672150754147,-0.1690341036906515,0.07050943274645717,-3.5483949483566606e-13,55.43102083281964,-5.699200664480665,90,181,-0.18743004213726897,0.005383518807954582,0.03134110456772041,2.3230134906348097e-26,-2.925986145930357e-26,2.2769929047300257e-36
45,112.82259009687252,-194.45771598701492,654.0587627818609,11.777466261311424,21.807139170472045,-27.2724383404604,-0.015326038445041042,0.3214563135736509,0.6950918319508415,-0.6428672150754147,-0.1690341036906515,0.07050943274645717,-3.5483949483566606e-13,55.43121717154432,-5.699011801499829,90,181,-0.18807982121329284,-0.00907775050033396,0.03189274112102625,1.1902016698186473e-27,-1.4991361913274466e-27,1.1666229095528463e-37
46,124.5058928948717,-172.65713366261195,626.8023210215372,11.58918783062982,21.791826917637522,-27.240356852456255,-0.015326038445041042,0.3214563135736509,0.6950918319508415,-0.6428672150754147,-0.1690341036906515,0.07050943274645717,-3.5483949483566606e-13,55.43141344900354,-5.698826375861201,90,181,-0.18855208052508768,-0.021000358822821114,0.03223362540515539,7.464461671134176e-29,-9.401973567789451e-29,7.31658525932931e-39
47,136.00074757687213,-150.8775286110483,599.5781180119571,11.400459921425586,21.765757566447164,-27.208018156784888,-0.015326038445041042,0.3214563135736509,0.6950918319508415,-0.6428672150754147,-0.1690341036906515,0.07050943274645717,-3.5483949483566606e-13,55.4316095401397,-5.698643935538909,90,181,-0.1888890805313843,-0.03081926022548899,0.032422674114676656,3.6108134892834856e-30,-4.548053761967089e-30,3.5392806492721694e-40
48,147.30672154858053,-129.12856699269284,572.3863271611339,11.211452385597214,21.73079773852485,-27.17554876687261,-0.015326038445041042,0.3214563135736509,0.6950918319508415,-0.6428672150754147,-0.1690341036906515,0.07050943274645717,-3.5483949483566606e-13,55.43180534266653,-5.6984646152882155,90,181,-0.18908464267499558,-0.03871246839469408,0.03249721049213706,-1.6653110561928862e-30,2.097567275751588e-30,-1.6323200336143815e-40
49,158.4235039033771,-107.41870729101156,545.2270406635222,11.021983086297091,21.687336720695175,-27.14301393570934,-0.015326038445041042,0.3214563135736509,0.6950918319508415,-0.6428672150754147,-0.1690341036906515,0.07050943274645717,-3.5483949483566606e-13,55.43200080958892,-5.698288131641283,90,181,-0.19014464037979367,-0.04931604536320941,0.032594417008336526,-1.0927278603061844e-31,1.376361606774093e-31,-1.0710801270629192e-41
50,169.34998914628193,-85.75883449377424,518.1003572885894,10.830681631849371,21.630357925653424,-27.110330742374114,-0.015326038445041042,0.3214563135736509,0.6950918319508415,-0.6428672150754147,-0.1690341036906515,0.07050943274645717,-3.5483949483566606e-13,55.43219581179657,-5.698114770630069,90,181,-0.19246856690504244,-0.06457404158648428,0.0327632997933159,2.3420322081686325e-32,-2.9499414540857646e-32,2.2956348476443335e-42
51,180.08407190610112,-64.16324579229735,491.0064169940753,10.637292200934256,21.559540224642337,-27.077538766346354,-0.015326038445041042,0.3214563135736509,0.6950918319508415,-0.6428672150754147,-0.1690341036906515,0.07050943274645717,-3.5483949483566606e-13,55.432390239501316,-5.697944424513875,90,181,-0.1942716963740772,-0.07682470497516256,0.032809709794043136,2.8709993067557487e-33,-3.616209819878138e-33,2.814122723489325e-43
52,190.6239153539569,-42.64430102056032,463.94527395679535,10.442286577714205,21.47760203883548,-27.044744174665897,-0.015326038445041042,0.3214563135736509,0.6950918319508415,-0.6428672150754147,-0.1690341036906515,0.07050943274645717,-3.5483949483566606e-13,55.432583945403074,-5.697777293937826,90,181,-0.19571161574515492,-0.08689451619147734,0.03276390275066354,-8.866090679756108e-34,1.1167416204044286e-33,-8.690446978412032e-44
53,200.9680847283059,-21.212024857441214,436.91689199784713,10.245987874788558,21.38650845534625,-27.01201427227632,-0.015326038445041042,0.3214563135736509,0.6950918319508415,-0.6428672150754147,-0.1690341036906515,0.07050943274645717,-3.5483949483566606e-13,55.432776924108886,-5.6976130493841985,90,181,-0.19687603908493986,-0.0952167672854397,0.03270915656647084,1.3076623902416544e-34,-1.6470855863844644e-34,1.2817566477191992e-44
54,211.11544124907473,0.1253600459516484,409.92118308091926,10.048674989202938,21.28791271325252,-26.97939908548487,-0.015326038445041042,0.3214563135736509,0.6950918319508415,-0.6428672150754147,-0.1690341036906515,0.07050943274645717,-3.5483949483566606e-13,55.43296906923408,-5.6974518671515,90,181,-0.19774449290042612,-0.10192252483915162,0.0325143811107491,-7.713666548578009e-36,9.715863272622693e-36,-7.560853206997726e-46
55,221.06516709423602,21.36173917019315,382.9580346270612,9.850475709591922,21.182838091590355,-26.946920033615523,-0.015326038445041042,0.3214563135736509,0.6950918319508415,-0.6428672150754147,-0.1690341036906515,0.07050943274645717,-3.5483949483566606e-13,55.43316007681574,-5.697294583753625,90,181,-0.1989340636326294,-0.10867666333565268,0.03340874023623893,3.006783468776562e-35,-3.7872387779583944e-35,2.947216902555675e-45
56,230.81643218003842,42.49060140759549,356.0272694678003,9.65190493375793,21.073373666384732,-26.91463827557295,-0.015326038445041042,0.3214563135736509,0.6950918319508415,-0.6428672150754147,-0.1690341036906515,0.07050943274645717,-3.5483949483566606e-13,55.433350264936934,-5.697139901731218,90,181,-0.1976135857560417,-0.10865535606813707,0.029050633001123247,-1.1727323116457027e-35,1.4771324017677203e-35,-1.14949963206421e-45
57,240.36758839295305,63.504185187292855,329.1288081218902,9.450556961776872,20.95377333694887,-26.88232126276438,-0.015326038445041042,0.3214563135736509,0.6950918319508415,-0.6428672150754147,-0.1690341036906515,0.07050943274645717,-3.5483949483566606e-13,55.433539666549194,-5.69698766778294,90,181,-0.20391698883180587,-0.12745397840657702,0.03500077663126254,7.545961038987259e-37,-9.504627307081788e-37,7.396470065461343e-47
58,249.7130619104939,84.38547566106327,302.26296874858645,9.238680236876883,20.804060443121788,-26.84924663128049,-0.015326038445041042,0.3214563135736509,0.6950918319508415,-0.6428672150754147,-0.1690341036906515,0.07050943274645717,-3.5483949483566606e-13,55.43372770044375,-5.696839253000022,90,181,-0.21943552449017198,-0.1708487257902614,0.03152161949651134,-8.812859866087536e-39,1.1100368542048728e-38,-8.638270705856681e-49
59,258.8394747758968,105.09710249509742,275.43070823135946,9.012737839605203,20.61527186932631,-26.815307250101288,-0.015326038445041042,0.3214563135736509,0.6950918319508415,-0.6428672150754147,-0.1690341036906515,0.07050943274645717,-3.5483949483566606e-13,55.43391411490771,-5.69669452116726,90,181,-0.22139644945714726,-0.19404542824493676,-0.17818613198944433,-9.72575161125455e-39,1.225021489888727e-38,-9.533077401948962e-49
60,267.73413242469707,125.60370686588186,248.632798052846,8.775498015319661,20.394858741307374,-26.78211336159447,-0.015326038445041042,0.3214563135736509,0.6950918319508415,-0.6428672150754147,-0.1690341036906515,0.07050943274645717,-3.5483949483566606e-13,55.43409872115404,-5.696553376489407,90,181,-0.11577275338406837,-0.09438503871644491,-2.4832355355550253,-1.2043846534530109e-39,1.517000579024465e-39,-1.1805249179714552e-49
61,276.3867879161842,145.8772304646059,221.86963571620262,8.527917374731722,20.147136430467462,-26.72914383012545,-0.015326038445041042,0.3214563135736509,0.6950918319508415,-0.6428672150754147,-0.1690341036906515,0.07050943274645717,-3.5483949483566606e-13,55.43428104256231,-5.696416392801715,90,181,-1.6286391135058773,-1.7836595284115913,27.454064067849647,4.432653840912414e-40,-5.58321498368504e-40,4.344839746119489e-50
62,284.78870739577974,165.89288102849514,195.14199873327146,8.20986158899791,19.808485181316335,-25.42386913265197,-0.015326038445041042,0.3214563135736509,0.6950918319508415,-0.6428672150754147,-0.1690341036906515,0.07050943274645717,-3.5483949483566606e-13,55.43446146768082,-5.6962826554993775,90,181,-106.78002068389304,-118.22131216150946,2119.6252109672982,2.8854339848346987e-43,-3.634391233051265e-43,2.828271440102611e-53
63,292.84260544207945,185.53062345820155,170.2662454382828,7.269983923037927,18.769149984719427,-11.807521059467248,-0.015326038445041042,0.3214563135736509,0.6950918319508415,-0.6428672150754147,-0.1690341036906515,0.07050943274645717,-3.5483949483566606e-13,55.43463834846836,-5.696154699769209,90,181,-1.8447499234672284,-2.0544366748616683,32.253549693659885,5.088081035539491e-58,-6.408768041760795e-58,4.987282451574944e-68
64,299.75600717371424,203.90010270071207,163.75842130888978,6.752545173540451,18.18719763508824,-4.791565043561842,-0.015326038445041042,0.3214563135736509,0.6950918319508415,-0.6428672150754147,-0.1690341036906515,0.07050943274645717,-3.5483949483566606e-13,55.43480373419345,-5.696044968102074,90,181,-0.173108027523921,-0.19935095855451576,0.9782479924319297,2.258406396141064e-67,-2.8446093204493117e-67,2.2136657237426812e-77
65,306.4434599730894,222.01145233821546,159.2142602844535,6.6369493932854695,18.051679272935747,-4.430968329379113,-0.015326038445041042,0.3214563135736509,0.6950918319508415,-0.6428672150754147,-0.1690341036906515,0.07050943274645717,-3.5483949483566606e-13,55.43496679472988,-5.695938823110389,90,181,-0.08103419359686821,-0.0972228563478078,0.08543668178966062,-6.873059331813468e-71,8.657063967178255e-71,-6.736899030255369e-81
66,313.0450198007809,240.02018693065196,154.8056323341877,6.569960315645377,17.96997593234098,-4.397868768708981,-0.015326038445041042,0.3214563135736509,0.6950918319508415,-0.6428672150754147,-0.1690341036906515,0.07050943274645717,-3.5483949483566606e-13,55.4351289328982,-5.695834038088731,90,181,-0.05760209373871682,-0.07133859361150298,0.008408388895547236,-3.244900617408676e-73,4.0871627692803857e-73,-3.1806167773802144e-83
67,319.58771547829923,257.9561884158742,150.41014836787386,6.516536136032757,17.903245982212187,-4.39420280233702,-0.015326038445041042,0.3214563135736509,0.6950918319508415,-0.6428672150754147,-0.1690341036906515,0.07050943274645717,-3.5483949483566606e-13,55.4352904179265,-5.695730184043338,90,181,-0.050556020316240645,-0.06356677329983451,0.0015589260005880207,-1.107750087312379e-75,1.3952830759254167e-75,-1.0858047528321e-85
68,326.0794419642069,275.8281675420971,146.01654640591784,6.467256206431747,17.841086574601686,-4.393108721208397,-0.015326038445041042,0.3214563135736509,0.6950918319508415,-0.6428672150754147,-0.1690341036906515,0.07050943274645717,-3.5483949483566606e-13,55.435451326599676,-5.695627138003466,90,181,-0.04840267229738109,-0.061191773281520825,0.0008917806380984209,-2.8087548496365946e-78,3.537808889394614e-78,-2.7531113743127275e-88
69,332.52264125910636,293.63881765553896,141.62386787118086,6.41924709250641,17.780329270803243,-4.3922601552823055,-0.015326038445041042,0.3214563135736509,0.6950918319508415,-0.6428672150754147,-0.1690341036906515,0.07050943274645717,-3.5483949483566606e-13,55.43561168232064,-5.695524862347824,90,181,-0.047737394096402104,-0.0604571289270314,0.0008356681570431979,-1.4874000703618486e-80,1.873476851029957e-80,-1.4579335937405018e-90
70,338.9180633859687,311.3889669217702,137.2320240215026,6.371635206128074,17.720011433278746,-4.391429781971551,-0.015326038445041042,0.3214563135736509,0.6950918319508415,-0.6428672150754147,-0.1690341036906515,0.07050943274645717,-3.5483949483566606e-13,55.43577148947836,-5.695423349429111,90,181,-0.047529740154925865,-0.06022675232302696,0.0008311271231364296,-4.379195878059892e-81,5.515881212561125e-81,-4.29244082437097e-91
71,345.26594728428154,329.0788824112545,132.84100948544997,6.324146278375394,17.659836648348687,-4.3906004584966825,-0.015326038445041042,0.3214563135736509,0.6950918319508415,-0.6428672150754147,-0.1690341036906515,0.07050943274645717,-3.5483949483566606e-13,55.435930736936996,-5.695322614245981,90,181,-0.047459791268704504,-0.06014641838376495,0.0008305572955671172,-8.884936606858556e-82,1.1191153871445399e-81,-8.708919553999032e-92
72,351.56635416828544,346.70870006241347,128.45082339943357,6.276628181217135,17.59980639892855,-4.389772455848734,-0.015326038445041042,0.3214563135736509,0.6950918319508415,-0.6428672150754147,-0.1690341036906515,0.07050943274645717,-3.5483949483566606e-13,55.436089327075415,-5.695222792286384,90,181,-0.047443343050739446,-0.06007591225029268,0.000830954749695829,-2.8692434744126566e-81,3.6139982351709586e-81,-2.812401675461311e-91
73,357.81951033433626,364.27812460012746,124.06146919760359,6.229528819585754,17.53921748634792,-4.388938230371829,-0.015326038445041042,0.3214563135736509,0.6950918319508415,-0.6428672150754147,-0.1690341036906515,0.07050943274645717,-3.5483949483566606e-13,55.43624760631583,-5.695123389760915,90,181,-0.047182967877557686,-0.06041987277363276,0.00082960334177519,5.0488110287585683e-82,-6.359304921441088e-82,4.9487904121746807e-92
74,364.0272850018853,381.78439606078217,119.67297915040469,6.185126457627002,17.474645414481543,-4.388057437196053,-0.015326038445041042,0.3214563135736509,0.6950918319508415,-0.6428672150754147,-0.1690341036906515,0.07050943274645717,-3.5483949483566606e-13,55.43640525279984,-5.695024801548042,90,181,-0.041893128476948684,-0.06830918824040538,0.000935816472938741,-5.710791644312596e-83,7.19311243818358e-83,-5.597656710524701e-93
75,370.19304245875327,399.22253655905917,115.28540317185875,6.145355809848743,17.403175399713543,-4.387108522378857,-0.015326038445041042,0.3214563135736509,0.6950918319508415,-0.6428672150754147,-0.1690341036906515,0.07050943274645717,-3.5483949483566606e-13,55.43656227062422,-5.694926904012534,90,181,-0.03768112655150818,-0.0745836348869328,0.0009653184536664547,-3.330880607282095e-84,4.195460142589269e-84,-3.264893441153284e-94
76,376.31987748155836,416.5879511731535,110.89876893971244,6.108168359140718,17.327868122264434,-4.386152530415731,-0.015326038445041042,0.3214563135736509,0.6950918319508415,-0.6428672150754147,-0.1690341036906515,0.07050943274645717,-3.5483949483566606e-13,55.43671859020978,-5.6948296668551235,90,181,-0.036735204365082,-0.07596995750877407,0.0009314731408466975,1.5566131599407354e-84,-1.9606552260335041e-84,1.525775521702144e-94
77,382.4096923834669,433.87782283845445,106.51308131053125,6.07163090376852,17.251616598425972,-4.385215833247181,-0.015326038445041042,0.3214563135736509,0.6950918319508415,-0.6428672150754147,-0.1690341036906515,0.07050943274645717,-3.5483949483566606e-13,55.43687428999555,-5.694732965380367,90,181,-0.03657660646774852,-0.07617861513681443,0.0009293577430490835,-3.961484964447729e-86,4.9897472270460515e-86,-3.88300506760173e-96
78,388.4630423226155,451.09135337185995,102.1283314621289,6.035163773507329,17.17528821153463,-4.3842842127693435,-0.015326038445041042,0.3214563135736509,0.6950918319508415,-0.6428672150754147,-0.1690341036906515,0.07050943274645717,-3.5483949483566606e-13,55.437029173138164,-5.69463695126527,90,181,-0.03648422392055721,-0.07628872001114635,0.0009364399801505053,-6.846517325649212e-86,8.623632589084709e-86,-6.710882840527259e-96
79,394.47998159790154,468.22849268020843,97.74451442554252,5.99872828435269,17.098940507786775,-4.3833499617883716,-0.015326038445041042,0.3214563135736509,0.6950918319508415,-0.6428672150754147,-0.1690341036906515,0.07050943274645717,-3.5483949483566606e-13,55.43718350434558,-5.694541400330985,90,181,-0.03641957182023665,-0.07635743088415083,0.0009350466955260898,-1.6500134146046383e-86,2.078298904072699e-86,-1.6173254494262297e-96
80,400.4604998137557,485.28922167313095,93.36163123255129,5.962324971503241,17.02257264350034,-4.382416454286654,-0.015326038445041042,0.3214563135736509,0.6950918319508415,-0.6428672150754147,-0.1690341036906515,0.07050943274645717,-3.5483949483566606e-13,55.437337007716245,-5.6944465440884695,90,181,-0.03638376466370343,-0.07638309431895225,0.0009330997728588398,1.8742935122800048e-86,-2.360794232339907e-86,1.837162395331959e-96
81,406.40468933134525,502.2737050651032,88.97967947188157,5.9259448865280895,16.946197886379828,-4.381484228854285,-0.015326038445041042,0.3214563135736509,0.6950918319508415,-0.6428672150754147,-0.1690341036906515,0.07050943274645717,-3.5483949483566606e-13,55.43748993690759,-5.694352169487478,90,181,-0.0363665025550386,-0.07638108372696979,0.0009320250498177857,-6.868951618992443e-87,8.65189003648253e-87,-6.732872694211323e-97
82,412.31241783868376,519.1816334096819,84.598661413548,5.8895786700923285,16.86983027676858,-4.380552810119825,-0.015326038445041042,0.3214563135736509,0.6950918319508415,-0.6428672150754147,-0.1690341036906515,0.07050943274645717,-3.5483949483566606e-13,55.43764223708871,-5.694258322427609,90,181,-0.03635628913669267,-0.07636855307451403,0.0009308763451042379,4.7915641128931026e-88,-6.035285747665227e-88,4.6966397447115826e-98
83,418.183403104249,536.0123970255298,80.21858282439132,5.853221027749367,16.793477900224207,-4.3796222466284,-0.015326038445041042,0.3214563135736509,0.6950918319508415,-0.6428672150754147,-0.1690341036906515,0.07050943274645717,-3.5483949483566606e-13,55.43779240636428,-5.694166262006442,90,181,-0.03634698974772889,-0.0763546753216007,0.0009298464532267875,7.859666005628975e-87,-9.899759057286287e-87,7.703960308674076e-97
84,424.0178967440646,552.7665219860181,75.83943677570254,5.816871123766378,16.71714180009607,-4.378692532964653,-0.015326038445041042,0.3214563135736509,0.6950918319508415,-0.6428672150754147,-0.1690341036906515,0.07050943274645717,-3.5483949483566606e-13,55.43794257563985,-5.694074201585276,90,181,-0.03633771497127162,-0.07634078135658091,0.000928950747343499,9.585028601609142e-87,-1.2072965141924577e-86,9.395142217419622e-97
85,429.81627115755964,569.4447911024122,71.46121346721095,5.780529066593661,16.640821522811216,-4.377763645294166,-0.015326038445041042,0.3214563135736509,0.6950918319508415,-0.6428672150754147,-0.1690341036906515,0.07050943274645717,-3.5483949483566606e-13,55.43809274491543,-5.69398214116411,90,181,-0.036328679064708935,-0.07632655155613761,0.0009281511580992001,7.582260104805505e-87,-9.550348334584454e-87,7.432050020399054e-97
86,435.5788987441631,586.0479871859776,67.08390309864586,5.744194964681512,16.564516614796695,-4.376835559782523,-0.015326038445041042,0.3214563135736509,0.6950918319508415,-0.6428672150754147,-0.1690341036906515,0.07050943274645717,-3.5483949483566606e-13,55.438242914191,-5.693890080742944,90,181,-0.03632009628542892,-0.07631166629695377,0.0009274096161387179,3.778376420793757e-87,-4.759110141168979e-87,3.703524037303639e-97
87,441.306151903304,602.5768930479799,62.7074958697366,5.707868926480227,16.488226622479548,-4.375908252595306,-0.015326038445041042,0.3214563135736509,0.6950918319508415,-0.6428672150754147,-0.1690341036906515,0.07050943274645717,-3.5483949483566606e-13,55.43839308346657,-5.693798020321777,90,181,-0.03631218089081967,-0.07629580595571234,0.0009266880521068796,1.0039345514958759e-88,-1.2645206758119595e-88,9.840458782462756e-99
88,446.998167148983,619.0317958891911,58.33198793853997,5.671551050293037,16.41195128515775,-4.374981707340116,-0.015326038445041042,0.3214563135736509,0.6950918319508415,-0.6428672150754147,-0.1690341036906515,0.07050943274645717,-3.5483949483566606e-13,55.43853988472942,-5.693708783990913,90,181,-0.036305078743671546,-0.07627875312794465,0.000925955019564294,-1.9006057176818006e-87,2.393936161469852e-87,-1.862953336817758e-97
89,452.65403549703774,635.4107862513354,53.957401871782984,5.635241389449045,16.335691196977265,-4.374055940609279,-0.015326038445041042,0.3214563135736509,0.6950918319508415,-0.6428672150754147,-0.1690341036906515,0.07050943274645717,-3.5483949483566606e-13,55.4386865668011,-5.693619647602254,90,181,-0.036298632566276814,-0.07626074346649442,0.0009252084263488998,-2.339758302589203e-87,2.947077322538799e-87,-2.2934059897873938e-97
90,458.2725584042694,651.7113462939325,49.58376755028401,5.59893998482141,16.259447188841037,-4.373130978130505,-0.015326038445041042,0.3214563135736509,0.6950918319508415,-0.6428672150754147,-0.1690341036906515,0.07050943274645717,-3.5483949483566606e-13,55.43883324887279,-5.693530511213594,90,181,-0.036292601123754355,-0.07624213810203347,0.0009244543101993445,-1.7936744706059228e-87,2.2592493209618473e-87,-1.758140475477391e-97
91,463.85253731702454,667.9309581545364,45.2111148551255,5.562646877282844,16.183220091660548,-4.372206845631832,-0.015326038445041042,0.3214563135736509,0.6950918319508415,-0.6428672150754147,-0.1690341036906515,0.07050943274645717,-3.5483949483566606e-13,55.43897993094447,-5.693441374824935,90,181,-0.03628674317819174,-0.07622329816976404,0.0009236987091478105,-8.389810545412561e-88,1.0567510486626253e-87,-8.223602299749508e-98
92,469.3927736816498,684.0671039707007,40.83947366738988,5.526362107706055,16.107010736347284,-4.371283568841302,-0.015326038445041042,0.3214563135736509,0.6950918319508415,-0.6428672150754147,-0.1690341036906515,0.07050943274645717,-3.5483949483566606e-13,55.43912661301616,-5.693352238436275,90,181,-0.03628081749167654,-0.07620458480488844,0.0009229476612264804,-5.230488720449554e-89,6.588139756475071e-89,-5.1268689367269355e-99
93,474.8952628902698,700.1239738432168,36.46879270187695,5.490085088872415,16.030818468969677,-4.370361104732821,-0.015326038445041042,0.3214563135736509,0.6950918319508415,-0.6428672150754147,-0.1690341036906515,0.07050943274645717,-3.5483949483566606e-13,55.43927126908381,-5.693264800966963,90,181,-0.03627463597290166,-0.0761862777111086,0.0009222056617734938,1.1721595239544344e-88,-1.4764109385235462e-88,1.148938191713479e-98
94,478.63752257651794,711.0539726927084,33.487186590783054,0,0,0,-0.015326038445041042,0.3214563135736509,0.6950918319508415,-0.6428672150754147,0,0,0,55.439369786925994,-5.693205292537135,90,181,0,0,0,0,0,0
95,478.63752257651794,711.0539726927084,33.487186590783054,0,0,0,-0.015326038445041042,0.3214563135736509,0.6950918319508415,-0.6428672150754147,0,0,0,55.439369786925994,-5.693205292537135,90,181,0,0,0,0,0,0
96,478.63752257651794,711.0539726927084,33.487186590783054,0,0,0,-0.015326038445041042,0.3214563135736509,0.6950918319508415,-0.6428672150754147,0,0,0,55.439369786925994,-5.693205292537135,90,181,0,0,0,0,0,0
97,478.63752257651794,711.0539726927084,33.487186590783054,0,0,0,-0.015326038445041042,0.3214563135736509,0.6950918319508415,-0.6428672150754147,0,0,0,55.439369786925994,-5.693205292537135,90,181,0,0,0,0,0,0
98,478.63752257651794,711.0539726927084,33.487186590783054,0,0,0,-0.015326038445041042,0.3214563135736509,0.6950918319508415,-0.6428672150754147,0,0,0,55.439369786925994,-5.693205292537135,90,181,0,0,0,0,0,0
99,478.63752257651794,711.0539726927084,33.487186590783054,0,0,0,-0.015326038445041042,0.3214563135736509,0.6950918319508415,-0.6428672150754147,0,0,0,55.439369786925994,-5.693205292537135,90,181,0,0,0,0,0,0
100,478.63752257651794,711.0539726927084,33.487186590783054,0,0,0,-0.015326038445041042,0.3214563135736509,0.6950918319508415,-0.6428672150754147,0,0,0,55.439369786925994,-5.693205292537135,90,181,0,0,0,0,0,0
