49.9599999999986,269.625491335988,0.0982615000139049,9.82615000149235,0
49.9699999999986,268.672152232473,-0.0171190024934917,0.09506242230335,0
49.9799999999986,269.163994935696,0.00602271215874849,0.0575572036843848,0
49.9899999999986,269.100723148241,0.000473100330178088,0.049773683062294,0
49.9999999999986,269.18827649494,0.0140667869384831,0.042061799928951,0
50.0099999999986,269.199527138673,0.0168966730088818,0.0389132375126695,0
50.0199999999986,268.977044038599,-0.0555763116561383,0.0354229565992929,0
50.0299999999986,269.004837162765,-0.0429549637922224,0.0340951524593648,0
50.0399999999986,269.011276788422,-0.0387749085700323,0.0340953731311398,0
50.0499999999986,269.070275550806,0.00282015684306292,0.0340980529993227,0
50.0599999999986,269.007925726365,-0.049472966070624,0.0316932101728505,0
50.0699999999986,269.046748603295,-0.0100657560699713,0.0310323095077542,0
50.0799999999986,268.989320053563,-0.0760504130224418,0.0310281587574548,0
50.0899999999986,268.924142400124,-0.16069533522974,0.0327373525227913,0
50.0999999999986,268.947563387175,-0.1233945951097,0.0298588632592693,0
50.1099999999986,268.913680915504,-0.177116162197927,0.0285311922631259,0
50.1199999999986,268.926917198888,-0.149571330516082,0.0293527320946525,0
50.1299999999986,268.977390783078,-0.0471278662765049,0.028198133514097,0
50.1399999999986,269.015714482337,0.0351977325877306,0.0281168289482333,0
50.1499999999986,268.998830905017,-0.00330366822592324,0.0289204110914303,0
50.1599999999986,269.006818052858,0.0160061210334441,0.0278874836160426,0
50.1699999999986,268.994774690802,-0.0142101040616684,0.027886085731628,0
50.1799999999986,269.049057602447,0.127775420563681,0.0278932103068908,0
50.1899999999986,269.05490689793,0.140376052869794,0.0278410974602606,0
50.1999999999986,269.030118932897,0.0680205911338139,0.0297209620392113,0
50.2099999999986,268.968527550285,-0.109180851623161,0.027569682234173,0
50.2199999999986,268.935591252724,-0.201458230943988,0.027559319982836,0
50.2299999999986,268.915071285512,-0.255853033885237,0.0275568131902679,0
50.2399999999986,268.912519030448,-0.255495656020979,0.0285123874164633,0
50.2499999999986,268.931499555415,-0.190385029786138,0.0274586018400225,0
50.2599999999986,268.890648380256,-0.308064708130861,0.0274612584741978,0
50.2699999999986,268.81610589708,-0.524857064798398,0.0265773152803852,0
50.2799999999986,268.752281585686,-0.702601828187082,0.026569614290127,0
50.2899999999986,268.710495372183,-0.80786165679845,0.0266899072257564,0
50.2999999999986,268.709236619893,-0.786876658645669,0.0277108143271576,0
50.3099999999986,268.69272718094,-0.812730842933363,0.0267928259450902,0
50.3199999999986,268.673198010938,-0.846685925292836,0.0267913236942607,0
50.3299999999986,268.63920599654,-0.922484149769117,0.0278371105810258,0
50.3399999999986,268.629672199113,-0.92319025928496,0.0268740119122717,0
50.3499999999986,268.620441623032,-0.922921519086231,0.0268740119095128,0
50.3599999999985,268.62417866383,-0.884932391430987,0.0269629607168369,0
50.3699999999985,268.579889180137,-0.986694642113674,0.0269578503855684,0
50.3799999999985,268.561635549042,-1.01031400553982,0.0269565099529144,0
50.3899999999985,268.619180549518,-0.819522290563362,0.0269685091298489,0
50.3999999999985,268.678293335434,-0.631923864718097,0.0259036072871969,0
50.4099999999985,268.700060745473,-0.554276663591648,0.0272267018559945,0
50.4199999999985,268.759388342626,-0.377598828881134,0.0272774075567106,0
50.4299999999985,268.759049713569,-0.368094781658085,0.0272779781508513,0
50.4399999999985,268.788992427878,-0.278668148604653,0.0262735269085729,0
50.4499999999985,268.705464684824,-0.490047179125631,0.0262593206573889,0
50.4599999999985,268.722028345548,-0.434129379503462,0.0275140153911513,0
50.4699999999985,268.752656028546,-0.344466442649333,0.0275205154375948,0
50.4799999999985,268.771119134131,-0.288978811297131,0.026442230270831,0
50.4899999999985,268.850272782767,-0.0842200557012904,0.0266082129627847,0
50.4999999999985,268.883128178248,-0.00109500277595251,0.0257665116126176,0
50.5099999999985,268.875572643171,-0.0190831330753802,0.0269254732333244,0
50.5199999999985,268.875383607139,-0.0188070840013856,0.0270001544621703,0
50.5299999999985,268.90829573425,0.0598220923860314,0.027005751962277,0
50.5399999999985,268.856112863901,-0.0631465292393987,0.0280289231314125,0
50.5499999999985,268.88167110172,-0.00248478254983371,0.0279669148946206,0
50.5599999999985,268.881270987083,-0.0030625272676013,0.0279668492669034,0
50.5699999999985,268.912413830211,0.0672532560660039,0.0279728914655193,0
50.5799999999985,268.993970669363,0.247016418421487,0.0289773843268571,0
50.5899999999985,269.020593517311,0.300337535916648,0.0307759294275422,0
50.5999999999985,268.995297536943,0.239335211205854,0.0293808647897407,0
50.6099999999985,268.951078170813,0.140060160303477,0.0291336996660606,0
50.6199999999985,268.935192288791,0.103940383789285,0.0298266754362725,0
50.6299999999985,268.93631888889,0.104328510808647,0.0286641871360948,0
50.6399999999985,268.950305833631,0.131306511694034,0.0293922418262383,0
50.6499999999985,268.957253950451,0.143038450356103,0.029170567107049,0
50.6599999999985,268.9576414465,0.141231965190378,0.029170386671504,0
50.6699999999985,268.964190019156,0.151632484229293,0.0280343654700447,0
50.6799999999985,268.927288998992,0.0765345305327769,0.0279633993473844,0
50.6899999999985,268.92854620765,0.0778263920518981,0.0287878944327449,0
50.6999999999985,268.935740311592,0.0903972089417876,0.0286360733171625,0
50.7099999999985,268.963599684081,0.141753653501469,0.0286409391102641,0
50.7199999999985,268.969610446463,0.150641489573679,0.0286418705372102,0
50.7299999999985,268.971111628349,0.150827576386292,0.0274731684701056,0
50.7399999999985,268.989102618465,0.181351251389105,0.0284457340896727,0
50.7499999999985,268.991352408362,0.182413614351288,0.0283258057189528,0
50.7599999999985,268.952052586249,0.109093305870027,0.028317292834445,0
50.7699999999985,268.987545279788,0.170326522826153,0.0291955957401971,0
50.7799999999985,268.998431566233,0.186526638321256,0.0270924409313792,0
50.7899999999985,268.980253084981,0.152027005425954,0.0262290223321309,0
50.7999999999985,268.957194639226,0.110192661270379,0.026223748276908,0
50.8099999999985,268.943401888543,0.0852293099051405,0.0263951722006312,0
50.8199999999985,268.974340992168,0.13586881362565,0.0256133101999351,0
50.8299999999985,268.946685584339,0.0880094335885644,0.0258476598738493,0
50.8399999999985,268.96064703119,0.109741906357655,0.0258505954715835,0
50.8499999999985,268.966042521145,0.117075006426169,0.0270381504587582,0
50.8599999999985,268.955387046181,0.0982541542849834,0.0261678764899498,0
50.8699999999984,268.987040535981,0.147502422867844,0.0281484606758107,0
50.8799999999984,269.01492041425,0.189466816887378,0.0289585843434127,0
50.8899999999984,269.057182696849,0.25274401332801,0.0287929817875244,0
50.8999999999984,269.042050130964,0.225856878459942,0.0303467946859917,0
50.9099999999984,269.077746655474,0.277373045778687,0.0308657318318039,0
50.9199999999984,269.094762728331,0.299173927883781,0.0296388410011892,0
50.9299999999984,269.101326005654,0.304936997835514,0.0310582122324562,0
50.9399999999984,269.070971299563,0.255538062712855,0.0306435329432667,0
50.9499999999984,269.063402066837,0.240961019820518,0.0311070457454591,0
50.9599999999984,269.04410169987,0.209552613432423,0.0306921636278042,0
50.9699999999984,269.046201262523,0.209896791410661,0.0311493499849106,0
50.9799999999984,269.061063813465,0.228342197991351,0.0291016862895679,0
50.9899999999984,269.053618648058,0.214749396390723,0.0281022220582166,0
50.9999999999984,269.055767528713,0.215030418621609,0.0281022220578961,0
51.0099999999984,269.050725398383,0.205347026982565,0.0289234522430173,0
51.0199999999984,269.038583627538,0.185956755163319,0.0278706142666571,0
51.0299999999984,269.007654669107,0.141369396725703,0.0278628919997298,0
51.0399999999984,268.996855824031,0.125085365209475,0.0278596548135182,0
51.0499999999984,268.981697812617,0.103307983639582,0.0278547556549625,0
51.0599999999984,268.981237059297,0.103906400321061,0.057356497008585,0
51.0699999999984,269.02403824835,0.217544875972042,0.784094704756878,0
51.0799999999984,269.165222900488,1.15937147382338,10.1328151229976,0
51.0899999999984,269.228305927169,1.70477027387533,14.8129070490878,0
51.0999999999984,269.316623851417,2.31816567015272,19.4526953937321,0
51.1099999999984,269.39542630276,2.91182325494234,23.5474081270081,0
51.1199999999984,269.548535913891,3.59151133680416,27.1565164683282,0
51.1299999999984,269.694038748319,4.26609878619515,30.5180652425957,0
51.1399999999984,269.859654764903,4.95989274225207,33.5277939534778,0
51.1499999999984,270.066371030043,5.70179250536242,36.2700236406218,0
51.1599999999984,270.308728192112,6.48593602989165,38.8013273178923,0
51.1699999999984,270.625224980923,7.3574651006699,41.1368938759304,0
51.1799999999984,271.000939990337,8.29893527559721,43.3354039338463,0
51.1899999999984,271.466563872682,9.34425713449233,45.3976657857753,0
51.1999999999984,272.057568298421,10.5327923530879,47.3375787561043,0
51.2099999999984,272.775374246621,11.8620365827982,49.1626462308953,0
51.2199999999984,273.619481605628,13.328124682737,50.8905289025589,0
51.2299999999984,274.555314915977,14.8832605302291,52.4760683327151,0
51.2399999999984,275.552245544803,16.4916473075036,53.959858363752,0
51.2499999999984,276.537711686767,18.0644160827357,55.2912421276048,0
51.2599999999984,277.956287725491,20.0927857940897,56.2943782501543,0
51.2699999999984,279.475856432049,22.1903203742481,57.006883306898,0
51.2799999999984,281.132549083983,24.3898850127787,57.3896490744983,0
51.2899999999984,282.877797217916,26.6293780022579,57.4127987922828,0
51.2999999999984,284.72791455114,28.9341298431388,57.2431868368833,0
51.3099999999984,286.657580365673,31.2828674954637,57.0204971324663,0
51.3199999999984,288.672869564497,33.699852090931,57.0115068413741,0
51.3299999999984,290.721440825123,35.9759796833792,55.1012699030641,0
51.3399999999984,292.847373296332,38.0829396199787,50.481806159222,0
51.3499999999984,295.030334802358,40.0853236477322,44.6982595134264,0
51.3599999999984,297.331240070341,42.1057327668495,38.7049214671542,0
51.3699999999983,299.667123856838,44.0779054362951,32.8396830469702,0
51.3799999999983,302.279121152275,46.2887753684631,27.5695600122205,0
51.3899999999983,305.002048521846,48.566191198256,22.880745530078,0
51.3999999999983,307.804211956036,50.8784590811353,18.7301955222332,0
51.4099999999983,310.679315063758,53.2190971928591,15.0562104906293,0
51.4199999999983,313.580056836345,55.5403191800735,11.8073148203794,0
51.4299999999983,316.566782052975,57.9039149457042,8.93220660892329,0
51.4399999999983,319.582348831472,60.252450545993,6.39185501003534,0
51.4499999999983,322.741821440803,62.7013323918836,4.14681792099874,0
51.4599999999983,325.906763485571,65.1113218258253,2.15798890786615,0
51.4699999999983,329.161607719248,67.5670013885771,0.399673762475572,0
51.4799999999983,332.468842800034,70.0311837312265,-1.15257273522945,0
51.4899999999983,335.843106893237,72.517836873293,-2.52772280094712,0
51.4999999999983,339.261133256521,75.0047096640694,-3.74011940143964,0
51.5099999999983,342.67454040042,77.4455377710558,-4.80979590786837,0
51.5199999999983,346.142888251305,79.8984838233128,-5.75124392769305,0
51.5299999999983,349.717256364787,82.4119259538703,-6.57894322253222,0
51.5399999999983,353.319815767844,84.9112055366284,-7.30902118171599,0
51.5499999999983,356.925941327682,87.3739113960954,-7.95008321449497,0
51.5599999999983,360.590393939576,89.8516640835515,-8.51623413949342,0
51.5699999999983,364.278687934008,92.3127189622586,-9.01107940982633,0
51.5799999999983,368.011808907142,94.7766294792543,-9.44592104400424,0
51.5899999999983,371.754501230659,97.2114369377427,-9.82430294056558,0
51.5999999999983,375.534027370572,99.6422888958623,-10.1574702528832,0
51.6099999999983,379.331029598712,102.051968612628,-10.4489160840496,0
51.6199999999983,383.154036314889,104.448656448588,-10.7033536058671,0
51.6299999999983,387.030934561495,106.857734107219,-10.923333220888,0
51.6399999999983,390.945237946643,109.264311157599,-11.1135660703117,0
51.6499999999983,394.864621702086,111.639932394121,-11.2774241135977,0
51.6599999999983,398.828873981259,114.020181856625,-11.4186889954533,0
51.6699999999983,402.810220352996,116.380684620145,-11.540734378206,0
51.6799999999983,406.811117986587,118.724069269037,-11.6449191445186,0
51.6899999999983,410.8018782201,121.025168849168,-11.7316481573322,0
51.6999999999983,414.784164511875,123.286221855936,-11.8037054566136,0
51.7099999999983,418.794148846557,125.53885360911,-11.8643622032196,0
51.7199999999983,422.760855970135,127.723190923078,-11.9108705791275,0
51.7299999999983,426.732396337427,129.881101671422,-11.9472491102539,0
51.7399999999983,430.823413300308,132.109290745566,-11.9786659073097,0
51.7499999999983,434.922309912292,134.31345429967,-12.0000334427963,0
51.7599999999983,439.010587211453,136.478614975889,-12.0133062562278,0
51.7699999999983,443.677708267925,139.095560962049,-11.9948508233823,0
51.7799999999983,448.309404326619,141.647919334201,-11.9744333100118,0
51.7899999999983,452.916115579299,144.145343935422,-11.9538974352634,0
51.7999999999983,457.618028053774,146.686999894681,-11.9315911731397,0
51.8099999999983,462.260996015137,149.147138264506,-11.9061431016608,0
51.8199999999983,466.899429287138,151.571072298888,-11.879514283318,0
51.8299999999983,471.534770728026,153.960574626173,-11.8526492396929,0
51.8399999999983,476.084844195554,156.250778211478,-11.8231669824247,0
51.8499999999983,480.649466026302,158.52262666844,-11.7945764767635,0
51.8599999999983,485.176230601358,160.73522510994,-11.7635477058652,0
51.8699999999982,489.697839910572,162.915157352735,-11.7335922685512,0
51.8799999999982,494.176046008644,165.033037301767,-11.7046022321196,0
51.8899999999982,498.65256557995,167.122377701637,-11.6780780910592,0
51.8999999999982,503.103834318431,169.16557435048,-11.6513136952209,0
51.9099999999982,507.547335856992,171.177064661961,-11.6227057953535,0
51.9199999999982,511.983193826099,173.157329539962,-11.5948984947411,0
51.9299999999982,516.379289975056,175.082522070958,-11.5653771038778,0
51.9399999999982,520.777590213687,176.985555092286,-11.5343213651025,0
51.9499999999982,525.194603240075,178.879155818331,-11.5043333345602,0
51.9599999999982,529.554646374641,180.704343415106,-11.5032735395397,0
51.9699999999982,533.893458212652,182.493355942035,-11.4697302650129,0
51.9799999999982,538.218889183036,184.250463025696,-11.4383100787062,0
51.9899999999982,542.51988103707,185.968112305837,-11.4068474125018,0
51.9999999999982,546.788189433797,187.640799630997,-11.3761052732746,0
52.0099999999982,550.990884710281,189.244933115058,-11.3467630524623,0
52.0199999999982,555.180125071857,190.819869223333,-11.3193905210347,0
52.0299999999982,559.341371267879,192.355470053913,-11.2936977935909,0
52.0399999999982,563.476454008858,193.854092021998,-11.264483150323,0
52.0499999999982,567.628640161259,195.347312775033,-11.2370726242531,0
52.0599999999982,571.723303543311,196.781536563261,-11.2096164100169,0
52.0699999999982,575.795564556641,198.182870596759,-11.1829075150766,0
52.0799999999982,579.865164447279,199.565899329218,-11.1576539515325,0
52.0899999999982,583.923721426574,200.925078321302,-11.1320477055856,0
52.0999999999982,587.972624645276,202.261779153017,-11.1061214652778,0
52.1099999999982,591.987027078523,203.558705708537,-11.0815446666348,0
52.1199999999982,595.955757112156,204.808815739594,-11.0557212645862,0
52.1299999999982,599.891515401967,206.021490009902,-11.0320388401535,0
52.1399999999982,603.831441435105,207.223560312205,-11.0053551299528,0
52.1499999999982,605.90326878662,207.115437695417,-10.9808514303451,0
52.1599999999982,609.822186874847,208.284855268091,-10.9567332340114,0
52.1699999999982,613.722284025981,209.428123899035,-10.9337340191875,0
52.1799999999982,617.582734682284,210.531374835157,-10.9117339907799,0
52.1899999999982,621.425497295774,211.610452481539,-10.8873606169375,0
52.1999999999982,625.250909655381,212.665662810278,-10.8649425841067,0
52.2099999999982,629.051184232757,213.692277692574,-10.841824601776,0
52.2199999999982,632.796724745675,214.670714072992,-10.8189098800847,0
52.2299999999982,636.550899631658,215.644135732044,-10.7977722501533,0
52.2399999999982,640.290588683348,216.597337335411,-10.7757840054616,0
52.2499999999982,644.000045648559,217.520133529981,-10.7530477964597,0
52.2599999999982,647.842845551632,218.522218279891,-10.7206472136667,0
52.2699999999982,651.63471361912,219.479675786329,-10.6927439668926,0
52.2799999999982,655.428673934482,220.428494089629,-10.6631233271818,0
52.2899999999982,659.17388271619,221.333195976556,-10.662380452191,0
52.2999999999982,662.891773117347,222.212782918461,-10.628273841363,0
52.3099999999982,666.605033510456,223.080017678034,-10.5972451024133,0
52.3199999999982,670.24149489272,223.888540242207,-10.5652885499893,0
52.3299999999982,673.8513328183,224.671282126958,-10.5366684845014,0
52.3399999999982,677.440587598085,225.432631687697,-10.5091634209177,0
52.3499999999982,680.992987905438,226.160471397264,-10.5084733921933,0
52.3599999999982,684.524850363228,226.869395262754,-10.4830981956726,0
52.3699999999982,688.051701305197,227.567754084716,-10.4597245026096,0
52.3799999999981,691.51387916177,228.21799633753,-10.4361910820514,0
52.3899999999981,694.964382877373,228.852464905464,-10.4355129444769,0
52.3999999999981,698.371369247777,229.454746660065,-10.4115227182793,0
52.4099999999981,701.743005011581,230.028572428805,-10.3904125670093,0
52.4199999999981,705.077683027558,230.571867386177,-10.3897592613042,0
52.4299999999981,708.379509696026,231.090732108841,-10.3683640772902,0
52.4399999999981,711.667962810286,231.594415896418,-10.3676866760897,0
52.4499999999981,714.945633167695,232.087931141981,-10.3464395553062,0
52.4599999999981,718.165127610094,232.540294768435,-10.3299976242807,0
52.4699999999981,721.362202425673,232.974530828779,-10.3116344207323,0
52.4799999999981,724.527782722866,233.384780179727,-10.2979194706872,0
52.4899999999981,727.658285635456,233.769567952977,-10.2835681303768,0
52.4999999999981,730.745914900803,234.12326983025,-10.2830506491962,0
52.5099999999981,733.792659383536,234.449849909888,-10.2668374435025,0
52.5199999999981,736.816645825887,234.759304518771,-10.2523064985216,0
52.5299999999981,739.797644147636,235.038600031407,-10.2518415067491,0
52.5399999999981,742.759114515258,235.304434893311,-10.2375265598598,0
52.5499999999981,745.673710460187,235.539456226795,-10.2247035943584,0
52.5599999999981,748.552432810881,235.750625135124,-10.2129936355098,0
52.5699999999981,751.387763426445,235.933779115599,-10.2021428152002,0
52.5799999999981,754.195614535764,236.09870294978,-10.191953406804,0
52.5899999999981,756.979466038998,236.247683684955,-10.1822863024101,0
52.5999999999981,759.726674471562,236.373476696639,-10.1730465921747,0
52.6099999999981,762.419853467163,236.466162606272,-10.1641649481566,0
52.6199999999981,765.080822741907,236.538777821198,-10.1572309614369,0
52.6299999999981,767.732011988297,236.604655287952,-10.1519712594201,0
52.6399999999981,770.325016608848,236.635861160259,-10.1465491877544,0
52.6499999999981,772.907225967981,236.660288737311,-10.1409509010176,0
52.6599999999981,775.451241116822,236.662181592274,-10.1352094696094,0
52.6699999999981,777.956690375021,236.641134311066,-10.1351181310695,0
52.6799999999981,780.424227859023,236.598475738949,-10.1314013810291,0
52.6899999999981,782.865215284869,236.540884119131,-10.1255964759473,0
52.6999999999981,785.26062009473,236.4575197563,-10.1197505613024,0
52.7099999999981,787.636355356656,236.363303739858,-10.1155402948111,0
52.7199999999981,789.969541443306,236.245370567319,-10.1127372422456,0
52.7299999999981,792.281098804958,236.1158395486,-10.1111325230473,0
52.7399999999981,794.560828928688,235.969283384155,-10.1080780626983,0
52.7499999999981,796.811135621324,235.807248022024,-10.1037517972505,0
52.7599999999981,799.027710734779,235.627229661448,-10.1016052647995,0
52.7699999999981,801.203433387504,235.425378361186,-10.1021969540612,0
52.7799999999981,803.383590990573,235.227475218342,-10.1018953933703,0
52.7899999999981,805.445510698001,235.168273602091,-7.49132360454415,0
52.7999999999981,807.488170669938,234.742744847717,-9.80306362458566,0
52.8099999999981,809.524603861842,234.371243908383,-11.1171780111695,0
52.8199999999981,811.54551349953,234.109116427602,-10.7671832913127,0
52.8299999999981,813.519364778281,233.800450666122,-10.75511810664,0
52.8399999999981,815.460960043506,233.477939817832,-10.7232871214297,0
52.8499999999981,817.357645146207,233.133023290614,-10.6975371345862,0
52.8599999999981,819.218584110811,232.772738630598,-10.6535907603581,0
52.8699999999981,821.046096423469,232.397610653694,-10.6057051850501,0
52.879999999998,822.837823097038,232.005347740371,-10.5697647976492,0
52.889999999998,824.614532085412,231.607185277925,-10.546837483481,0
52.899999999998,826.338806104955,231.182380498922,-10.542778159163,0
52.909999999998,828.045263517333,230.750033758898,-10.552992553026,0
52.919999999998,829.733186107003,230.308643634239,-10.591294867226,0
52.929999999998,832.035467296901,230.199121123634,-10.6371006131501,0
52.939999999998,833.672803647569,229.732717976334,-10.698394774395,0
52.949999999998,835.296484736729,229.252582975697,-10.8818680939558,0
52.959999999998,836.90105884564,228.765532853982,-11.0437905047051,0
52.969999999998,838.460439754225,228.259089840496,-11.169564246529,0
52.979999999998,840.152591416879,227.826945107575,-11.2745449407698,0
52.989999999998,841.805841755126,227.353595081691,-11.6802642191533,0
52.999999999998,843.416886550258,226.880507153529,-11.7770815795562,0
53.009999999998,845.01431136521,226.38877844716,-12.0578141333339,0
53.019999999998,846.544330590296,225.849970504482,-12.5025135414409,0
53.029999999998,847.975527548275,225.281567925418,-12.6436887197292,0
53.039999999998,849.35784465823,224.71303390488,-12.481523889146,0
53.049999999998,850.663736356285,224.087871008028,-12.6178281539111,0
53.059999999998,852.061160948506,223.477298812294,-13.233104629017,0
53.069999999998,853.574343523474,222.926192307361,-13.8299152866143,0
53.079999999998,854.962119802327,222.279198246401,-14.8091098646909,0
53.089999999998,856.142956818062,221.570722112514,-15.1126784930655,0
53.099999999998,857.088836528062,220.728766401464,-15.6061409905039,0
53.109999999998,858.169113933603,219.967602360977,-15.9552540519706,0
53.119999999998,859.288213714377,219.249389048335,-16.0205086365917,0
53.129999999998,860.373551635424,218.565139737233,-15.4605698304845,0
53.139999999998,861.454537472406,217.898137615037,-14.7788138081934,0
53.149999999998,862.586521745411,217.271656079237,-14.0555512295152,0
53.159999999998,863.673434480257,216.623808074308,-13.4652094758738,0
53.169999999998,864.347091807524,215.748541572623,-13.2487144469942,0
53.179999999998,865.237707921043,214.980860954111,-13.171035945803,0
53.189999999998,866.323470274911,214.321078802245,-13.0492499118253,0
53.199999999998,867.245557714122,213.607873509969,-12.6157615723017,0
53.209999999998,868.277419341354,212.966997867782,-12.0769486236335,0
53.219999999998,869.207448127014,212.278485715749,-11.6210145074747,0
53.229999999998,869.964737350792,211.519254070426,-11.0770697519531,0
53.239999999998,872.08176803502,211.440228077083,-10.6709379613015,0
53.249999999998,872.778987946317,210.672918058425,-10.054176755535,0
53.259999999998,873.361379841642,209.878447986185,-9.189749770263,0
53.269999999998,873.713021864375,208.960495602705,-8.6293744194729,0
53.279999999998,874.043112880758,207.997045555336,-8.68928792079956,0
53.289999999998,874.490708903102,207.091390335159,-8.83247367381808,0
53.299999999998,875.379118840988,206.39218778792,-9.18815851685758,0
53.309999999998,876.137020571839,205.593682460581,-10.0216874505532,0
53.319999999998,876.740956385256,204.752274205358,-10.3762650096556,0
53.329999999998,877.265725052894,203.899173000965,-10.3952887238881,0
53.339999999998,877.729647859413,203.027900387813,-10.3310080645983,0
53.349999999998,878.18413195403,202.157130551075,-10.2829257966578,0
53.359999999998,878.604962097005,201.284525538335,-10.1225739605944,0
53.369999999998,879.02782910605,200.419384062147,-9.97303563433988,0
53.3799999999979,879.388330759144,199.526413972723,-9.88427410728035,0
53.3899999999979,879.78114842911,198.65224186508,-9.8428685593819,0
53.3999999999979,880.17461432496,197.784375428283,-9.80208004195227,0
53.4099999999979,880.559126553746,196.922076686037,-9.70907327855502,0
53.4199999999979,880.96202144684,196.06820132873,-9.70775159864585,0
53.4299999999979,881.067621894987,195.054030026168,-10.0022770367521,0
53.4399999999979,881.001691009252,193.969142351443,-10.1848617298902,0
53.4499999999979,880.993607968028,192.876535945424,-10.9061476130781,0
53.4599999999979,880.998628575475,191.872806882017,-10.5261890013878,0
53.4699999999979,880.987734329298,190.866032166656,-10.220032976224,0
53.4799999999979,880.9892847201,189.8654605966,-10.0353407179803,0
53.4899999999979,881.013686744354,188.907126240113,-9.54269957744322,0
53.4999999999979,881.050907553741,187.94341746102,-9.34766645035207,0
53.5099999999979,881.030737739757,186.95438807879,-9.23154054923603,0
53.5199999999979,880.836467670031,185.888402855326,-9.13514027960284,0
53.5299999999979,880.557402005831,184.781078751781,-9.15360393164366,0
53.5399999999979,880.212245741437,183.641585087924,-9.2715016298295,0
53.5499999999979,879.8616722681,182.485178922423,-9.6569793610815,0
53.5599999999979,879.505234749121,181.305740856781,-10.3536732953516,0
53.5699999999979,879.137717469586,180.177314061038,-10.3067035018454,0
53.5799999999979,878.802114207189,179.077215954574,-10.180584368117,0
53.5899999999979,878.470790338177,177.989414167004,-10.0232490923369,0
53.5999999999979,880.251104633366,177.901339785556,-9.86774962384789,0
53.6099999999979,879.888788704433,176.808732377381,-9.73523454697134,0
53.6199999999979,879.584086966334,175.760435070964,-9.47801438566972,0
53.6299999999979,879.313943722459,174.725141084754,-9.38055126201172,0
53.6399999999979,879.172748888955,173.757022276422,-9.28589894396491,0
53.6499999999979,879.029205689507,172.792503633614,-9.21817970861346,0
53.6599999999979,878.85093042823,171.817896644909,-9.15488502914463,0
53.6699999999979,878.805139550797,170.88760951895,-9.40554216278263,0
53.6799999999979,878.721853666928,169.941459709599,-9.67497643738735,0
53.6899999999979,878.581527312513,168.997465353233,-9.60304315525226,0
53.6999999999979,878.405667493414,168.05019266222,-9.43939938254942,0
53.7099999999979,878.15095687261,167.072429001505,-9.29186279336836,0
53.7199999999979,877.717141432039,166.016354524371,-9.18140938587606,0
53.7299999999979,877.108091433244,164.886581766114,-9.07299407128535,0
53.7399999999979,876.37575978123,163.706516033455,-8.98015615661696,0
53.7499999999979,875.583110836624,162.504953998156,-8.9075879119995,0
53.7599999999979,874.805731308442,161.299692978272,-9.07864950216505,0
53.7699999999979,874.071703131977,160.138035431363,-9.00464369922558,0
53.7799999999979,873.322046095074,158.967845943112,-9.04698746593055,0
53.7899999999979,872.527638012332,157.776758400457,-9.17793482363092,0
53.7999999999979,871.686675413941,156.574048317666,-9.25351370770499,0
53.8099999999979,870.812089822723,155.366816672029,-9.26617228184122,0
53.8199999999979,869.939273284612,154.166785196798,-9.2830775057753,0
53.8299999999979,869.037285430039,152.96671855474,-9.21202887665491,0
53.8399999999979,868.077850266611,151.750389938394,-9.10926243617716,0
53.8499999999979,869.595262331195,151.664077316767,-9.04814325210422,0
53.8599999999979,868.580872048734,150.424135679746,-9.06297933394572,0
53.8699999999979,867.580462655094,149.191717348251,-9.15243828714652,0
53.8799999999978,866.684891704723,148.010838598645,-9.26743261812888,0
53.8899999999978,865.857515730891,146.863598828069,-9.41727868994615,0
53.8999999999978,865.064934860378,145.739514523193,-9.53311006794161,0
53.9099999999978,864.226860219896,144.608186822385,-9.54007332087239,0
53.9199999999978,863.340858524843,143.460205211278,-9.56332522215989,0
53.9299999999978,862.44250841352,142.301666069388,-9.73333599263939,0
53.9399999999978,861.662348095694,141.175524722314,-10.239645190227,0
53.9499999999978,861.131367112689,140.162551086058,-10.7437642087987,0
53.9599999999978,860.982048311087,139.316715623483,-11.308365450558,0
53.9699999999978,860.676745380179,138.408944195309,-11.7524197373784,0
53.9799999999978,859.866912217606,137.287514085609,-12.0394485991411,0
53.9899999999978,858.498386474281,135.937115194919,-12.0906241473923,0
53.9999999999978,856.840366981543,134.463720071697,-12.1467581376603,0
54.0099999999978,855.334993381552,133.075768564,-12.0714115008817,0
54.0199999999978,853.93536027418,131.691680050027,-12.677543296945,0
54.0299999999978,852.53360416597,130.412562450268,-11.8991217250257,0
54.0399999999978,850.989911111132,129.041477550748,-11.6950843545634,0
54.0499999999978,849.506714268178,127.717223066281,-11.3508767982582,0
54.0599999999978,848.400303805572,126.525421771469,-11.6079402389744,0
54.0699999999978,847.539338698777,125.386890086407,-12.6508914595413,0
54.0799999999978,846.33456505576,124.138548155661,-13.0695823253026,0
54.0899999999978,845.055048533399,122.909623996381,-12.8239752793507,0
54.0999999999978,843.703827343133,121.692121899613,-12.1247343363959,0
54.1099999999978,842.140864803543,120.286964033555,-12.8458739148319,0
54.1199999999978,841.155416176972,119.225665889361,-12.395576537402,0
54.1299999999978,839.773777140208,118.076864684356,-10.920718024906,0
54.1399999999978,838.518521870059,117.019286314581,-9.25118522890885,0
54.1499999999978,837.184174450875,115.866973522442,-8.66752412318969,0
54.1599999999978,835.877067608557,114.720407943,-8.32273807117597,0
54.1699999999978,834.544008338624,113.497029836501,-8.96682094473618,0
54.1799999999978,833.230375622703,111.886301360432,-14.8452646290304,0
54.1899999999978,831.578279773472,110.018531925985,-21.485142229243,0
54.1999999999978,830.01754166326,108.592362662625,-22.0591490079146,0
54.2099999999978,828.372830693564,107.091602302404,-23.151250455762,0
54.2199999999978,826.682294194414,105.490422282997,-25.2606221397831,0
54.2299999999978,824.949774514041,103.854562052976,-27.4116922113394,0
54.2399999999978,823.173451675399,102.361406612875,-27.2445166233048,0
54.2499999999978,821.565462908534,101.006350441168,-26.3451295027029,0
54.2599999999978,820.013962723957,99.7730445977086,-24.3701444323694,0
54.2699999999978,818.425071293404,98.542049646247,-22.4909462623003,0
54.2799999999978,816.880481693762,97.2431050964278,-22.0955003798188,0
54.2899999999978,815.284192313218,95.8815044054069,-22.3674884611702,0
54.2999999999978,813.569108243714,94.437146275526,-23.10161561197,0
54.3099999999978,811.840932675652,92.9988128173061,-23.677264783025,0
54.3199999999978,810.139814114775,91.6837046113022,-22.7962771504013,0
54.3299999999978,808.43871272827,90.3479001857727,-22.3907547141056,0
54.3399999999978,806.741251016206,89.0110313500553,-22.1601490085614,0
54.3499999999978,805.008488692602,87.6238561123633,-22.5085060826479,0
54.3599999999978,803.289370273938,86.2272238060152,-23.1032538957491,0
54.3699999999978,801.579765584954,84.8871676189481,-23.0153696492239,0
54.3799999999978,799.869042621335,83.5736246517189,-22.6678741208441,0
54.3899999999977,800.707432579615,83.3964196429673,-22.0355188341574,0
54.3999999999977,798.963375219873,82.1096438823037,-21.375801501068,0
54.4099999999977,797.239451681589,80.8530992953213,-20.6014628711648,0
54.4199999999977,795.522773594725,79.6045701295392,-19.9454848485545,0
54.4299999999977,793.740905320801,78.3299875393886,-19.4278280606971,0
54.4399999999977,791.927035230944,77.057200104189,-18.8534109551612,0
54.4499999999977,790.126547185905,75.7888711350041,-18.4535052365304,0
54.4599999999977,788.372063906651,74.5653255105755,-17.8576355241612,0
54.4699999999977,786.628292317851,73.3346536344263,-17.5734739537289,0
54.4799999999977,784.889114638443,72.0890517049486,-17.6283068141249,0
54.4899999999977,783.093074955278,70.769899602661,-18.4027840984318,0
54.4999999999977,781.309444203618,69.4165321906797,-19.6807447747142,0
54.5099999999977,779.531506759817,68.0602309311031,-20.945779319405,0
54.5199999999977,777.787019683127,66.8078592206224,-20.9449836024728,0
54.5299999999977,776.050836607483,65.6025727430502,-20.4473987582232,0
54.5399999999977,774.256551678719,64.3880564258407,-19.8826862825234,0
54.5499999999977,772.459483584084,63.1852151844687,-19.2981763839727,0
54.5599999999977,770.680806916651,62.0027393745307,-18.7009619754812,0
54.5699999999977,768.916089655107,60.8464382278992,-17.9893754675112,0
54.5799999999977,767.159098355247,59.7064199401074,-17.272149542538,0
54.5899999999977,765.397380457109,58.5524466710038,-16.8779247643074,0
54.5999999999977,763.64414318809,57.3696779394657,-17.0356644799913,0
54.6099999999977,761.900765656756,56.2127036405728,-16.9604166974095,0
54.6199999999977,760.19113423494,55.0856932876573,-16.7613088074238,0
54.6299999999977,760.742247363164,54.9323452436195,-16.5789986414674,0
54.6399999999977,759.015174269142,53.7933363028633,-16.574015621961,0
54.6499999999977,757.263551087322,52.6447267649238,-16.6280598176498,0
54.6599999999977,755.505758653066,51.5017013682671,-16.6370225071452,0
54.6699999999977,753.73618011442,50.3166062448457,-17.2043560933388,0
54.6799999999977,751.998617572963,49.1643628110496,-17.51592824572,0
54.6899999999977,750.284324243178,48.0411912639575,-17.6039069835089,0
54.6999999999977,748.545945815674,46.941496197518,-17.3028096661244,0
54.7099999999977,746.775525809505,45.8555758117691,-16.7459251874645,0
54.7199999999977,744.98069698579,44.7729194024473,-16.1480766665791,0
54.7299999999977,743.179836171797,43.6919389634818,-15.63890968305,0
54.7399999999977,741.382644486226,42.6235693879751,-15.1166518507631,0
54.7499999999977,739.607095985025,41.5738220271367,-14.6038782303866,0
54.7599999999977,737.86446740567,40.5421647751296,-14.168517834009,0
54.7699999999977,736.159883479963,39.5108450400045,-14.0624268230413,0
54.7799999999977,734.440397405209,38.4668597660025,-14.1160924282865,0
54.7899999999977,732.704795247771,37.374669444715,-14.7717873569802,0
54.7999999999977,730.937232390422,36.2448240128056,-15.7244149661287,0
54.8099999999977,729.195263885763,35.154191667041,-16.2445900323963,0
54.8199999999977,727.460094541255,34.096631973905,-16.3625428411169,0
54.8299999999977,725.731443484813,33.0517978004952,-16.396520531984,0
54.8399999999977,726.059925173674,32.8719979797959,-16.598875748396,0
54.8499999999977,724.296748175622,31.8159907931347,-16.6321386808218,0
54.8599999999977,722.5284835153,30.76281044056,-16.6583910504078,0
54.8699999999977,720.755585270998,29.7089519594543,-16.727137064757,0
54.8799999999977,718.96401579579,28.6372723762698,-16.9805326205439,0
54.8899999999976,717.15446962209,27.5722749587797,-17.0753945204796,0
54.8999999999976,715.331592730254,26.5027842468561,-17.2058136386156,0
54.9099999999976,713.517428937385,25.435704891284,-17.3994186472192,0
54.9199999999976,711.715257537808,24.4063037671787,-17.2001015438629,0
54.9299999999976,709.944595896052,23.3829735779901,-17.1840327651776,0
54.9399999999976,708.168544293263,22.3486866133824,-17.3451419541826,0
54.9499999999976,706.406678577317,21.3059817633681,-17.7364591142184,0
54.9599999999976,704.6620388242,20.2619275869612,-18.2515782902708,0
54.9699999999976,702.93611147306,19.2557552709454,-18.3642261619244,0
54.9799999999976,701.267891513958,18.2958708241551,-18.2318987013168,0
54.9899999999976,699.471702758777,17.3031228409806,-17.8929777248014,0
54.9999999999976,697.620887357427,16.3036104344458,-17.4413923599505,0
55.0099999999976,695.763836201473,15.2825038122151,-17.3582875891105,0
55.0199999999976,693.942535263241,14.3469055979719,-16.4158454638608,0
55.0299999999976,692.121077295711,13.4102721179113,-15.665167480768,0
55.0399999999976,690.303150965951,12.4593170106014,-15.2769885761723,0
55.0499999999976,688.480306603778,11.4950520847069,-15.1437698630651,0
55.0599999999976,686.676975424429,10.5603630297852,-14.8023248117221,0
55.0699999999976,684.858806607147,9.62106251037322,-14.5384488018212,0
55.0799999999976,683.064223365164,8.68705568450531,-14.4253432147637,0
55.0899999999976,681.273765127792,7.77263337765987,-14.1455910683023,0
55.0999999999976,679.501825279338,6.86827546826981,-13.9258554477829,0
55.1099999999976,677.741639899495,5.95587142362313,-13.9590769545185,0
55.1199999999976,675.987586545431,5.0226365329705,-14.34981589769,0
55.1299999999976,674.224490837231,4.07656463433585,-14.8620124624872,0
55.1399999999976,672.456474573537,3.17146249886895,-14.792660417179,0
55.1499999999976,670.662239627205,2.14728490783315,-16.2111987425343,0
55.1599999999976,668.887950234392,1.17942598817744,-16.8686005485712,0
55.1699999999976,667.13474218393,0.191618101165391,-17.8754648300442,0
55.1799999999976,665.406221323104,-0.825614974676034,-19.33193612207,0
55.1899999999976,663.695737410078,-1.84442718393648,-20.7755849080644,0
55.1999999999976,661.962954527448,-2.98905849769181,-23.6246012663046,0
55.2099999999976,660.191723649362,-4.15496301208009,-26.230366587577,0
55.2199999999976,658.400039565645,-5.36265897039196,-28.9970740662194,0
55.2299999999976,656.636479023187,-6.32297692968987,-28.3570054957458,0
55.2399999999976,654.866117466932,-7.28572657796091,-27.8501822481662,0
55.2499999999976,653.11847042927,-8.30802036744945,-28.3772894509839,0
55.2599999999976,651.386968812877,-9.28687281891372,-28.4088266527937,0
55.2699999999976,649.627337725195,-10.22336019311,-27.7759598706073,0
55.2799999999976,647.887463537647,-11.0615975595834,-26.0917909063109,0
55.2899999999976,646.154961415017,-11.9467531124684,-25.3375827178029,0
55.2999999999976,644.429232591742,-12.7606271542021,-23.8291396460203,0
55.3099999999976,642.685289651223,-13.5861803867752,-22.6186662505827,0
55.3199999999976,640.948160437033,-14.4120993844377,-21.6570381509823,0
55.3299999999976,639.207518508327,-15.2310915846476,-20.757823241792,0
55.3399999999976,637.474517570772,-16.0590629579146,-20.1843102571632,0
55.3499999999976,635.746747642289,-16.9365567941769,-20.4160387306582,0
55.3599999999976,634.016035174974,-17.7848845580148,-20.2651584570095,0
55.3699999999976,632.322951933206,-18.6293102874084,-20.3391359981789,0
55.3799999999976,630.614851235735,-19.5497804214546,-21.371694461536,0
55.3899999999975,628.924441184082,-20.4216378067358,-21.7760486895784,0
55.3999999999975,627.1965527973,-21.2248292573829,-21.0614326598011,0
55.4099999999975,625.526298316804,-22.003622746758,-20.4835576320341,0
55.4199999999975,623.855289708997,-22.8296954466478,-20.6456551087214,0
55.4299999999975,622.189838980578,-23.6459781239305,-20.7342185453352,0
55.4399999999975,620.517036737811,-24.4700661481818,-20.9191209781377,0
55.4499999999975,618.855103853864,-25.2736944155039,-20.915873827986,0
55.4599999999975,617.18793645637,-26.0655984271851,-20.7741599553814,0
55.4699999999975,616.926241740584,-26.2733400235884,-20.7741599581204,0
55.4799999999975,615.24829565204,-27.050321692593,-20.4549151000632,0
55.4899999999975,613.563322759242,-27.8437559236381,-20.3968920185175,0
55.4999999999975,611.89111193687,-28.6570646542835,-20.7142637389959,0
55.5099999999975,610.235376004584,-29.4493232210982,-20.8532736330827,0
55.5199999999975,608.581062511487,-30.2137469485202,-20.6690611777766,0
55.5299999999975,606.900784394821,-30.9717824562561,-20.3289470153064,0
55.5399999999975,605.24385179024,-31.7537217613593,-20.5042663186444,0
55.5499999999975,603.621896889399,-32.5401495538623,-20.9452715483434,0
55.5599999999975,601.982885617345,-33.3279217798042,-21.2986968408382,0
55.5699999999975,600.350124083063,-34.082647307341,-21.2593840927151,0
55.5799999999975,598.725370619989,-34.8141211118533,-21.0100899159597,0
55.5899999999975,597.084303287291,-35.5462790987358,-20.7528451186784,0
55.5999999999975,595.437598632571,-36.2675534474636,-20.3970568478162,0
55.6099999999975,595.074562245264,-36.4631470094171,-20.2921680147124,0
55.6199999999975,593.436879662472,-37.2137978655684,-20.4756007073452,0
55.6299999999975,591.794183222748,-37.9567302106201,-20.5493944084005,0
55.6399999999975,590.153033623581,-38.6744985115674,-20.3357434425193,0
55.6499999999975,588.512590530719,-39.3776959668189,-20.003245976114,0
55.6599999999975,586.891105885525,-40.0806529058671,-19.8531637045567,0
55.6699999999975,585.281049502806,-40.7875969984492,-19.8761239567812,0
55.6799999999975,583.668669205048,-41.5093187731452,-20.1158442903181,0
55.6899999999975,582.07017412839,-42.2111099797775,-20.1797393229914,0
55.6999999999975,580.500553035723,-42.8807380631424,-20.0113722904258,0
55.7099999999975,578.920638625038,-43.5567107095102,-19.9286600811433,0
55.7199999999975,577.336387149395,-44.2297429288125,-19.8317528082408,0
55.7299999999975,575.740625931331,-44.9104418627232,-19.8221444444801,0
55.7399999999975,574.160081068296,-45.5777974304387,-19.7600118458746,0
55.7499999999975,572.59194542911,-46.2337173755086,-19.6610424336856,0
55.7599999999975,571.030192302714,-46.8890000415405,-19.6382104603776,0
55.7699999999975,569.458468100091,-47.5479527110644,-19.6480048504583,0
55.7799999999975,567.896868899802,-48.1997755852947,-19.6550545993508,0
55.7899999999975,566.318604842545,-48.8430267246049,-19.4924380996833,0
55.7999999999975,564.718021972447,-49.511437240952,-19.5950313643805,0
55.8099999999975,563.117587643952,-50.1808746916234,-19.7355530538296,0
55.8199999999975,561.539390326281,-50.8378789084325,-19.8536688177153,0
55.8299999999975,559.956596204127,-51.5059765879271,-20.1135104050635,0
55.8399999999975,558.372419459321,-52.1768892306357,-20.4056804247867,0
55.8499999999975,556.806709546621,-52.8409768707483,-20.7086393360931,0
55.8599999999975,555.262040348644,-53.4959753537508,-21.00493487187,0
55.8699999999975,553.710705256126,-54.1524822265148,-21.2815525003522,0
55.8799999999975,552.141110866508,-54.8044305178765,-21.3970090514021,0
55.8899999999974,550.575868381316,-55.4239248036413,-21.1291934968048,0
55.8999999999974,549.037898544218,-56.0434135519142,-21.0816016119224,0
55.9099999999974,547.51433064375,-56.6628790974179,-21.1538492495828,0
55.9199999999974,545.989638938444,-57.2767553809963,-21.1708397544125,0
55.9299999999974,544.4646031238,-57.8750655811119,-21.0121639929773,0
55.9399999999974,542.947605698241,-58.4645723623822,-20.8356903088355,0
55.9499999999974,541.435513907471,-59.0527518011983,-20.7246156828702,0
55.9599999999974,539.921629902995,-59.6360520752591,-20.5863162452054,0
55.9699999999974,538.419874501242,-60.2233199069666,-20.6178876871579,0
55.9799999999974,536.925246009904,-60.8045754470067,-20.6377658147816,0
55.9899999999974,535.433832622608,-61.3809752483906,-20.6407762665093,0
55.9999999999974,533.928756256108,-61.957992704313,-20.6077363942313,0
56.0099999999974,532.438969530694,-62.5220848694785,-20.5248284748971,0
56.0199999999974,530.938641669934,-63.0878154339058,-20.447238411563,0
56.0299999999974,529.449581786973,-63.6437675387604,-20.344303960202,0
56.0399999999974,527.957476903762,-64.2030184726408,-20.3122648167512,0
56.0499999999974,526.473293597555,-64.7630259143973,-20.3690832889208,0
56.0599999999974,524.996137735606,-65.318323048123,-20.4259696716767,0
56.0699999999974,523.534544086182,-65.8556972747794,-20.3554429014674,0
56.0799999999974,522.072426195865,-66.3867069061601,-20.2368654589514,0
56.0899999999974,520.617777956711,-66.9141697385477,-20.1576609789989,0
56.0999999999974,519.177492476298,-67.4299165953793,-20.0427423084203,0
56.1099999999974,517.742872485877,-67.9479844682943,-20.033359462219,0
56.1199999999974,516.312735739353,-68.458986126116,-19.9852465305283,0
56.1299999999974,514.880450600674,-68.9835708639222,-20.1390452602853,0
56.1399999999974,513.450983884586,-69.5065415281037,-20.2957433538176,0
56.1499999999974,512.029938450321,-70.0199652606186,-20.3811445949729,0
56.1599999999974,510.62026495565,-70.5256780246818,-20.4446963222423,0
56.1699999999974,509.215376942153,-71.0268132749274,-20.4937562173533,0
56.1799999999974,507.81128730502,-71.5259638814425,-20.5421386011378,0
56.1899999999974,506.396500376141,-72.0176909804113,-20.4543458253888,0
56.1999999999974,504.97415424231,-72.511153546697,-20.3862163220204,0
56.2099999999974,503.573192451085,-72.9894968966893,-20.2730000124902,0
56.2199999999974,502.195094543166,-73.4483479677966,-20.0702639745378,0
56.2299999999974,500.843276910025,-73.8904698384566,-19.8441430959909,0
56.2399999999974,499.484457580306,-74.3318301012883,-19.6232864850937,0
56.2499999999974,498.12640126613,-74.7699195075227,-19.4168349328999,0
56.2599999999974,496.772913403993,-75.2045895907198,-19.241830707013,0
56.2699999999974,495.432079004206,-75.6365643293362,-19.1482963920268,0
56.2799999999974,494.081540791172,-76.0711715189628,-19.0718336212305,0
56.2899999999974,493.319817219445,-76.2626452355704,-19.0814849239697,0
56.2999999999974,491.977482923764,-76.6981752199078,-19.1059277186661,0
56.3099999999974,490.635224607112,-77.1167587748868,-18.927885398559,0
56.3199999999974,489.312262111351,-77.514847553229,-18.6327422369935,0
56.3299999999974,487.992066520675,-77.9093208314394,-18.3660832077595,0
56.3399999999974,486.676303045473,-78.2950471491267,-18.0654199537549,0
56.3499999999974,485.361136156595,-78.6811260448485,-17.8336470233058,0
56.3599999999974,484.056373841608,-79.063229867622,-17.6589112973577,0
56.3699999999974,482.722383613492,-79.4898172945824,-17.9537157484284,0
56.3799999999974,481.377540717951,-79.9291860181172,-18.3418642141666,0
56.3899999999974,480.020932905298,-80.3773703172738,-18.7543371895191,0
56.3999999999973,478.676012281722,-80.7916900921537,-18.7548167565559,0
56.4099999999973,477.333856160883,-81.2463801431106,-19.3191998317966,0
56.4199999999973,475.993110549613,-81.6929888012719,-19.7336831340863,0
56.4299999999973,474.654306411717,-82.1403434963268,-20.1367460232074,0
56.4399999999973,473.830841892992,-82.3552716264835,-20.3047609342107,0
56.4499999999973,472.487469083776,-82.7900427567197,-20.4830255842414,0
56.4599999999973,471.14348483091,-83.2350606863232,-20.7895438756253,0
56.4699999999973,469.819267818466,-83.6641343675259,-20.9832070953505,0
56.4799999999973,468.497073855373,-84.0759479071879,-20.9652639184839,0
56.4899999999973,467.175520933755,-84.4797833308253,-20.8728829926364,0
56.4999999999973,465.866488400139,-84.877559193478,-20.8036243386195,0
56.5099999999973,464.563313241466,-85.2646643465507,-20.6588942672157,0
56.5199999999973,463.249152088404,-85.654379878706,-20.5276349543889,0
56.5299999999973,461.950075717893,-86.0375219021642,-20.4310527767743,0
56.5399999999973,460.6543012202,-86.4104617308102,-20.2534111002565,0
56.5499999999973,459.363154968467,-86.7722396177503,-19.9991348768462,0
56.5599999999973,458.075162072501,-87.1257048002007,-19.7062862652352,0
56.5699999999973,456.80269619908,-87.474031444428,-19.4882413933009,0
56.5799999999973,455.524476386484,-87.838599469489,-19.4974565679035,0
56.5899999999973,454.249626321934,-88.2164306722269,-19.716976889436,0
56.5999999999973,452.981365080235,-88.5902384076329,-19.9123963459051,0
56.6099999999973,451.722299359833,-88.9581761459452,-20.0767225522826,0
56.6199999999973,450.456778990773,-89.3344993466921,-20.3142401838776,0
56.6299999999973,449.205951871869,-89.7064764683385,-20.5654607914563,0
56.6399999999973,447.948915668971,-90.0746260903777,-20.720035729528,0
56.6499999999973,446.696643602249,-90.4356603842669,-20.8075709893031,0
56.6599999999973,445.449894553479,-90.7955752414484,-20.9193058637454,0
56.6699999999973,444.211812589609,-91.1457339994626,-20.9558663208935,0
56.6799999999973,442.984400017225,-91.4839434106011,-20.9087089158148,0
56.6899999999973,441.770437463689,-91.8138512831803,-20.8514403457182,0
56.6999999999973,440.567800218678,-92.1297705408834,-20.6983330897486,0
56.7099999999973,439.359549567197,-92.4471325094736,-20.5706571098135,0
56.7199999999973,438.165704468953,-92.759220813342,-20.4874446788771,0
56.7299999999973,436.980471553897,-93.0671323763732,-20.4249898483706,0
56.7399999999973,435.79224482951,-93.3744952839809,-20.3639210425034,0
56.7499999999973,434.610073967581,-93.6782504420144,-20.3138062926909,0
56.7599999999973,433.428637423366,-93.9820178066379,-20.2912703772129,0
56.7699999999973,432.254139308009,-94.2785499905913,-20.2314932090765,0
56.7799999999973,431.07926993927,-94.5730510940008,-20.1671048822678,0
56.7899999999973,429.893404353252,-94.8491221328845,-19.8234090114624,0
56.7999999999973,428.740258031416,-95.1089465839022,-19.5071676303576,0
56.8099999999973,427.580512402343,-95.3738887965412,-19.2778228446813,0
56.8199999999973,426.417212507028,-95.6460915486316,-19.1693905763796,0
56.8299999999973,425.256199495129,-95.9233004882876,-19.1690118724949,0
56.8399999999973,424.092197847996,-96.1765505309804,-18.8512351325519,0
56.8499999999973,422.931711074745,-96.4273687358579,-18.5766794352977,0
56.8599999999973,421.770961059217,-96.6847331483229,-18.4370737569622,0
56.8699999999973,420.804429311118,-96.8531021483005,-18.2327171128852,0
56.8799999999973,419.643370215244,-97.0983004538472,-17.9996526981441,0
56.8899999999973,418.500762900433,-97.3377661677359,-17.8375669206876,0
56.8999999999972,417.352796256076,-97.6013110826077,-17.9982555609284,0
56.9099999999972,416.192750971865,-97.8787692285055,-18.2690599711371,0
56.9199999999972,415.035079911533,-98.1629957595438,-18.622110940567,0
56.9299999999972,413.897994960084,-98.4541088612471,-19.1495635124966,0
56.9399999999972,412.749957705514,-98.7510724763611,-19.6401468946851,0
56.9499999999972,411.612943811341,-99.0384228650646,-20.0168113156084,0
56.9599999999972,410.48500400944,-99.3153826506441,-20.272948396294,0
56.9699999999972,409.365959106169,-99.5831918453414,-20.4392374036168,0
56.9799999999972,408.235717747009,-99.857401311653,-20.6208388060837,0
56.9899999999972,407.105452085648,-100.107608184322,-20.4766495449849,0
56.9999999999972,405.956864522956,-100.376251870993,-20.5070851250583,0
57.0099999999972,404.821116120538,-100.659502295361,-20.8125369979045,0
57.0199999999972,403.660246234322,-100.960612503883,-21.1898418939495,0
57.0299999999972,402.505904763359,-101.252900092967,-21.453861976379,0
57.0399999999972,401.357691237908,-101.532351573862,-21.5638152470603,0
57.0499999999972,400.208038446261,-101.799217321255,-21.500590931862,0
57.0599999999972,399.076314516666,-102.045960420236,-21.2942990441536,0
57.0699999999972,397.962823666378,-102.275469904289,-21.0025181770681,0
57.0799999999972,396.839393644626,-102.503169452375,-20.6828326147864,0
57.0899999999972,395.716845132178,-102.736158861557,-20.4926434495322,0
57.0999999999972,394.598616280317,-102.970817639363,-20.3864600091508,0
57.1099999999972,393.492581684629,-103.202101659342,-20.3304211179263,0
57.1199999999972,392.380393274434,-103.432156185166,-20.2441899897848,0
57.1299999999972,391.268974653666,-103.652867317829,-20.0629723708297,0
57.1399999999972,390.164953154034,-103.875800147292,-19.9882879150763,0
57.1499999999972,389.065234343143,-104.100184454637,-19.9788708672654,0
57.1599999999972,387.954649548512,-104.328367614067,-19.9729668575317,0
57.1699999999972,386.910669138056,-104.524187831408,-19.9230173232005,0
57.1799999999972,385.810019933797,-104.752108724079,-19.999721362084,0
57.1899999999972,384.724291556998,-104.975609683324,-20.1034707051627,0
57.1999999999972,383.647131820425,-105.194221727863,-20.1889860995218,0
57.2099999999972,382.563284782949,-105.408946872343,-20.1869066116434,0
57.2199999999972,381.487178829593,-105.621046460859,-20.2053433335529,0
57.2299999999972,380.418871977212,-105.829184734419,-20.2241301354285,0
57.2399999999972,379.346578532597,-106.038827222196,-20.2497246171572,0
57.2499999999972,378.287147863165,-106.243813087042,-20.2935284754361,0
57.2599999999972,377.235002664179,-106.441992200366,-20.2935184212766,0
57.2699999999972,376.185242233394,-106.639556706289,-20.3094384132607,0
57.2799999999972,375.134076801523,-106.828282447447,-20.2120420018272,0
57.2899999999972,374.081098379418,-107.013774658072,-20.0865304213123,0
57.2999999999972,373.0338037944,-107.18069463771,-19.7801997381969,0
57.3099999999972,371.962905583746,-107.354154426543,-19.4791054743262,0
57.3199999999972,370.903870247507,-107.527356226423,-19.2863317597559,0
57.3299999999972,369.854263751702,-107.701363808305,-19.1884021301571,0
57.3399999999972,368.804647399311,-107.883173284596,-19.212103192684,0
57.3499999999972,367.766136171132,-108.060140034425,-19.240397971769,0
57.3599999999972,366.72635020607,-108.252057675831,-19.4598994686022,0
57.3699999999972,365.685234697921,-108.443647616885,-19.6505947729273,0
57.3799999999972,364.651835662634,-108.616080453793,-19.622243445453,0
57.3899999999972,363.609450145457,-108.788510566979,-19.5579844263747,0
57.3999999999971,362.584883599801,-108.958072853233,-19.5711886966265,0
57.4099999999971,361.568776057744,-109.121871378612,-19.5633267906221,0
57.4199999999971,360.560522947655,-109.262815329696,-19.3113486668528,0
57.4299999999971,359.555979700805,-109.393075291938,-18.9806594499786,0
57.4399999999971,358.563076186946,-109.516140124512,-18.6696516629897,0
57.4499999999971,357.56808376262,-109.638015971071,-18.3785039528979,0
57.4599999999971,356.581760351065,-109.766576143969,-18.2666482207718,0
57.4699999999971,355.563029421381,-109.928085792022,-18.4291197320454,0
57.4799999999971,354.549721279247,-110.091926095615,-18.6398007088608,0
57.4899999999971,353.538745837043,-110.256595285312,-18.8558702036486,0
57.4999999999971,352.527234373161,-110.418351069075,-19.0117438614911,0
57.5099999999971,351.518230855393,-110.578265632035,-19.145919671281,0
57.5199999999971,350.512070790504,-110.74792434133,-19.4151420812675,0
57.5299999999971,349.518206967086,-110.910202052255,-19.6295426790581,0
57.5399999999971,348.528985664373,-111.089828292666,-20.0787244283729,0
57.5499999999971,347.54820431648,-111.261372974966,-20.419457253447,0
57.5599999999971,346.578681641556,-111.411452752855,-20.504870374091,0
57.5699999999971,345.610996545099,-111.555372349259,-20.5164766312205,0
57.5799999999971,344.640722709227,-111.6932563584,-20.4407074643007,0
57.5899999999971,343.698019605926,-111.816517051649,-20.3426330774071,0
57.5999999999971,342.753052904176,-111.936008592965,-20.2020611552278,0
57.6099999999971,341.634443994666,-112.115337752063,-19.9127032656579,0
57.6199999999971,340.701963767627,-112.224087752443,-19.7728159119137,0
57.6299999999971,339.762372618311,-112.334254463056,-19.636568125759,0
57.6399999999971,338.827022142669,-112.438907571431,-19.475123604924,0
57.6499999999971,337.906271537411,-112.534662651377,-19.3043115654542,0
57.6599999999971,336.97271304103,-112.631840663647,-19.1089758052457,0
57.6699999999971,336.053695306259,-112.712868275562,-18.8123019552804,0
57.6799999999971,335.137980129832,-112.783382509564,-18.4387437828135,0
57.6899999999971,334.213342333108,-112.863287552276,-18.1926621845464,0
57.6999999999971,333.28938984763,-112.951695616342,-18.0994222797018,0
57.7099999999971,332.360973896078,-113.042093185283,-18.0248432764207,0
57.7199999999971,331.434896688423,-113.144922790708,-18.1421745336251,0
57.7299999999971,330.503417889422,-113.262427622482,-18.4134950774845,0
57.7399999999971,329.592991318374,-113.378347638561,-18.7515507234362,0
57.7499999999971,328.669846976143,-113.504158273967,-19.1114917410557,0
57.7599999999971,327.748894864703,-113.643047215847,-19.6158422110406,0
57.7699999999971,326.800412820751,-113.788293907235,-19.992575971822,0
57.7799999999971,325.659614493681,-114.012993455928,-20.3090201927,0
57.7899999999971,324.725241194799,-114.15001319498,-20.584661811648,0
57.7999999999971,323.795606936901,-114.250054210696,-20.3696286329636,0
57.8099999999971,322.8866429829,-114.336252969125,-20.1204288312092,0
57.8199999999971,321.968811221947,-114.428481024738,-19.9391839463905,0
57.8299999999971,321.046033208511,-114.518150214533,-19.7256566112914,0
57.8399999999971,320.124583255753,-114.606645103353,-19.537075269873,0
57.8499999999971,319.209654214603,-114.692498483576,-19.379545492366,0
57.8599999999971,318.299794177014,-114.777974581958,-19.2706679033694,0
57.8699999999971,317.380059133151,-114.876129064704,-19.2934484977364,0
57.8799999999971,316.469681113717,-114.976487729904,-19.3997029470151,0
57.8899999999971,315.539913855989,-115.098501631062,-19.6758251482958,0
57.899999999997,314.604418522753,-115.246966122455,-20.2397982734967,0
57.909999999997,313.679400845233,-115.399933248254,-20.8553063213237,0
57.919999999997,312.775105986386,-115.54558730501,-21.4166556475008,0
57.929999999997,311.869501674923,-115.672486931782,-21.6571908475488,0
57.939999999997,310.976195458756,-115.77558044189,-21.6269746099269,0
57.949999999997,310.096050245102,-115.867192730781,-21.5279036989797,0
57.959999999997,309.223104417709,-115.950026269261,-21.3710093319048,0
57.969999999997,308.350683840376,-116.02856401126,-21.1855749615032,0
57.979999999997,307.475550328968,-116.079490562279,-20.6492663222821,0
57.989999999997,306.610417145164,-116.126528091421,-20.1906170491033,0
57.999999999997,305.742087961192,-116.185803017267,-19.9388777300434,0
58.009999999997,304.883922280934,-116.231590286698,-19.6019224838792,0
58.019999999997,304.025293589166,-116.270568099055,-19.2194311636551,0
58.029999999997,303.146928059004,-116.333613023159,-19.0977674947066,0
58.039999999997,302.278711318442,-116.401665900808,-19.1181219153923,0
58.049999999997,301.399759140449,-116.467825950988,-19.05499775917,0
58.059999999997,300.524918285631,-116.527830366117,-18.9454215012471,0
58.069999999997,299.655603276313,-116.579261242595,-18.7710986551137,0
58.079999999997,298.801891670271,-116.629629372957,-18.6952182369854,0
58.089999999997,297.951988035322,-116.676291697789,-18.6043663303078,0
58.099999999997,297.094615325837,-116.735235086923,-18.6488165682624,0
58.109999999997,296.248335337764,-116.793937969975,-18.7491243613711,0
58.119999999997,295.408441035348,-116.85581195816,-18.9168384199044,0
58.129999999997,294.551623171585,-116.929880521057,-19.1329966464498,0
58.139999999997,293.708096578785,-116.990913518291,-19.2264789352781,0
58.149999999997,292.87750648539,-117.04225973779,-19.2549851023121,0
58.159999999997,292.04412839665,-117.091894397769,-19.2445497448584,0
58.169999999997,291.213236083171,-117.144806028967,-19.2953697464619,0
58.179999999997,290.377658105526,-117.204698797959,-19.4086505022996,0
58.189999999997,289.531753055868,-117.2720367587,-19.551351325084,0
58.199999999997,288.700025368495,-117.329453570617,-19.6267546778077,0
58.209999999997,287.855395327011,-117.386748685402,-19.6222067511732,0
58.219999999997,287.024687338837,-117.437137194945,-19.6076070134382,0
58.229999999997,286.185129439231,-117.491564366126,-19.6019715638399,0
58.239999999997,285.360354258068,-117.535658814119,-19.5458135195187,0
58.249999999997,284.539702540276,-117.585310645317,-19.5958590370966,0
58.259999999997,283.703573592836,-117.651658718463,-19.7766514985958,0
58.269999999997,282.525225132627,-117.860345518307,-19.9161777543298,0
58.279999999997,281.680544231279,-117.926265193556,-20.0169267903364,0
58.289999999997,280.847838286745,-117.987198965101,-20.1087202296783,0
58.299999999997,280.020620667914,-118.044408025909,-20.17308934246,0
58.309999999997,279.208847949734,-118.098782554841,-20.2805022555469,0
58.319999999997,278.391635945171,-118.158811794434,-20.4212387640492,0
58.329999999997,277.587103874444,-118.209888682993,-20.4989702658145,0
58.339999999997,276.778885487406,-118.259399665762,-20.5281440376242,0
58.349999999997,275.972875556284,-118.304555970442,-20.5109885999012,0
58.359999999997,275.167107704251,-118.346198722004,-20.4535558459244,0
58.369999999997,274.358921945065,-118.38632605131,-20.3725735403789,0
58.379999999997,273.559254458795,-118.421724418013,-20.2893716440106,0
58.389999999997,272.756296433825,-118.45866903554,-20.2212595839229,0
58.399999999997,271.945098650469,-118.496551602572,-20.1308130298857,0
58.4099999999969,271.135297781032,-118.533249720937,-20.0465295078357,0
58.4199999999969,270.330922090245,-118.565299276845,-19.9441642859172,0
58.4299999999969,269.534956288911,-118.594266264896,-19.863104513845,0
58.4399999999969,268.743976193582,-118.623478546691,-19.8253012842951,0
58.4499999999969,267.956060805049,-118.65325119308,-19.8185607308864,0
58.4599999999969,267.173740523684,-118.691168413306,-19.9530346784895,0
58.4699999999969,266.406578637627,-118.7181248809,-20.0113974274351,0
58.4799999999969,265.6380816502,-118.743703959705,-20.0380044176391,0
58.4899999999969,264.869567101381,-118.759134409981,-19.9284554047492,0
58.4999999999969,264.102008444027,-118.767975111459,-19.7525364124996,0
58.5099999999969,263.331196480101,-118.776479869527,-19.5778316653913,0
58.5199999999969,262.556832339923,-118.780842822309,-19.3522438409375,0
58.5299999999969,261.789879646958,-118.777072015423,-19.0904459220004,0
58.5399999999969,261.028526991427,-118.772367398055,-18.8817782294449,0
58.5499999999969,260.267936437232,-118.764540435282,-18.6634097952782,0
58.5599999999969,259.516989712454,-118.743581959113,-18.3536186300737,0
58.5699999999969,258.757194624193,-118.738839330715,-18.248530625494,0
58.5799999999969,257.986150942113,-118.742015942862,-18.1991700375605,0
58.5899999999969,257.210080745856,-118.75422792554,-18.2479460968148,0
58.5999999999969,256.440132269825,-118.777032788949,-18.4649471285951,0
58.6099999999969,255.672950590659,-118.821073374602,-18.9505014554711,0
58.6199999999969,254.901708214112,-118.877096790806,-19.5102671588076,0
58.6299999999969,254.149872241405,-118.93122288125,-20.0822507315498,0
58.6399999999969,253.402782201188,-118.977535286017,-20.5051362725423,0
58.6499999999969,252.659553773737,-119.002088675639,-20.6090651609001,0
58.6599999999969,251.920043642995,-119.01417127392,-20.5567259511879,0
58.6699999999969,251.170083783266,-119.027877998612,-20.4754077485353,0
58.6799999999969,250.417054654114,-119.037225227143,-20.3310219676057,0
58.6899999999969,249.669926782591,-119.047279856184,-20.2484158755538,0
58.6999999999969,248.926029796295,-119.052057809703,-20.125620731241,0
58.7099999999969,248.191276612793,-119.055305231016,-20.0499846806895,0
58.7199999999969,247.463035988295,-119.058325888504,-20.017802591141,0
58.7299999999969,246.728172016775,-119.061979251727,-19.9616595932101,0
58.7399999999969,245.992670763497,-119.077786719694,-20.0701808323431,0
58.7499999999969,245.274894791931,-119.093156839922,-20.2581559090501,0
58.7599999999969,244.541837888229,-119.115893823123,-20.434639705441,0
58.7699999999969,243.812629332501,-119.140354108933,-20.6333888576371,0
58.7799999999969,243.101465519612,-119.150931595821,-20.7244132309884,0
58.7899999999969,242.393717063799,-119.158856510265,-20.7881019219847,0
58.7999999999969,241.674283067991,-119.174395460368,-20.8795158766904,0
58.8099999999969,240.971008955692,-119.175192118766,-20.8550386389907,0
58.8199999999969,240.259171868781,-119.166638733821,-20.6628417571638,0
58.8299999999969,239.546082107752,-119.151543675614,-20.40225224625,0
58.8399999999969,238.847133545764,-119.131529249621,-20.1889665407655,0
58.8499999999969,238.14143087717,-119.111550575835,-19.9656954845241,0
58.8599999999969,237.452414095296,-119.085899336648,-19.7887566259102,0
58.8699999999969,236.743877555231,-119.072991284865,-19.6935339460934,0
58.8799999999969,236.017972843186,-119.070815056236,-19.6553655196035,0
58.8899999999969,235.285431294837,-119.070151931927,-19.6052790393125,0
58.8999999999969,234.570031918411,-119.060283448749,-19.5356722150762,0
58.9099999999968,233.868637993762,-119.048689261322,-19.5299411803726,0
58.9199999999968,233.168707949769,-119.036386761731,-19.5232327872231,0
58.9299999999968,232.474387509108,-119.017511656367,-19.4612592598907,0
58.9399999999968,231.772492553814,-119.002179663536,-19.4111684050609,0
58.9499999999968,231.064290911142,-118.998833886996,-19.4901479171075,0
58.9599999999968,230.370603520657,-118.994652286056,-19.6283904652339,0
58.9699999999968,229.69820564176,-118.988833054498,-19.8451661581833,0
58.9799999999968,229.021830523749,-118.994356924163,-20.1608478780134,0
58.9899999999968,228.337222870189,-119.002167429319,-20.4197415588402,0
58.9999999999968,227.646582215755,-119.008112401703,-20.586861770795,0
59.0099999999968,226.960984268903,-119.020987144355,-20.8520053637678,0
59.0199999999968,226.259211785111,-119.067181230875,-21.4330489500392,0
59.0299999999968,225.577598231731,-118.97142226063,-20.1777148230329,0
59.0399999999968,224.889051186002,-118.876398184924,-19.053721451315,0
59.0499999999968,224.201654158046,-118.815768830507,-18.5333375372332,0
59.0599999999968,223.517186280397,-118.759435592746,-18.1513331414322,0
59.0699999999968,222.330465681358,-118.917892433388,-17.856750454356,0
59.0799999999968,221.676458164662,-118.857148670799,-17.6810945829805,0
59.0899999999968,221.020520252664,-118.789110149929,-17.4181286685031,0
59.0999999999968,220.370370179741,-118.719403971385,-17.1962480095463,0
59.1099999999968,219.723407135279,-118.649007557944,-17.0083750775694,0
59.1199999999968,219.091231975983,-118.573080133238,-16.8506578674981,0
59.1299999999968,218.471307228299,-118.491220595529,-16.6993911767396,0
59.1399999999968,217.854728317213,-118.405127837668,-16.526251475732,0
59.1499999999968,217.243039319348,-118.318747780736,-16.3945993701621,0
59.1599999999968,216.631572992746,-118.235952594229,-16.3241046435061,0
59.1699999999968,216.034363846216,-118.14425644714,-16.2201617093268,0
59.1799999999968,215.440832104034,-118.05081540028,-16.1222822847215,0
59.1899999999968,214.856559009304,-117.955627541452,-16.0606276900857,0
59.1999999999968,214.276489824966,-117.859038821773,-16.0067510033998,0
59.2099999999968,213.702592231655,-117.759498576919,-15.950029601978,0
59.2199999999968,213.127068550909,-117.660795230373,-15.897285857608,0
59.2299999999968,212.574961468783,-117.552799695287,-15.8537332873647,0
59.2399999999968,212.038850577649,-117.441329714933,-15.8531586977423,0
59.2499999999968,211.494700443761,-117.330433169332,-15.8098725584189,0
59.2599999999968,210.955780251583,-117.21794208684,-15.7744583763584,0
59.2699999999968,210.429146713511,-117.100608542919,-15.7421081379731,0
59.2799999999968,209.897996658235,-116.985867337553,-15.7165392067141,0
59.2899999999968,209.381658576116,-116.865089119056,-15.6908353224185,0
59.2999999999968,208.868966411722,-116.744980214064,-15.6901991291773,0
59.3099999999968,208.361951732214,-116.622963547425,-15.6894779888301,0
59.3199999999968,207.865860733178,-116.49490594161,-15.6648406686657,0
59.3299999999968,207.362534317672,-116.370278287678,-15.6416451164397,0
59.3399999999968,206.868011309387,-116.24266862116,-15.6240108782661,0
59.3499999999968,206.386099849566,-116.110233520952,-15.6081244882294,0
59.3599999999968,205.912860607267,-115.974791349387,-15.5953716601094,0
59.3699999999968,205.45081139215,-115.835137937934,-15.5834844828695,0
59.3799999999968,204.987053647833,-115.696869094395,-15.5740131535486,0
59.3899999999968,204.53506394457,-115.554148168195,-15.5648975214966,0
59.3999999999968,204.082525703278,-115.412847813753,-15.5641515791613,0
59.4099999999967,203.646841563287,-115.264438921044,-15.5564005787276,0
59.4199999999967,203.206033079891,-115.119300242504,-15.5555742035452,0
59.4299999999967,202.054113772771,-115.27422813412,-15.5483361946671,0
59.4399999999967,201.640660243569,-115.116988975333,-15.5424380945608,0
59.4499999999967,201.228905599811,-114.960060254979,-15.5415354439517,0
59.4599999999967,200.83311855666,-114.79675386257,-15.5372016594365,0
59.4699999999967,200.427979688206,-114.638019357783,-15.5326721819431,0
59.4799999999967,200.041285810812,-114.472434056331,-15.5317049475747,0
59.4899999999967,199.645221812813,-114.31096130658,-15.5247021819153,0
59.4999999999967,199.266254237077,-114.142903369031,-15.5179434761033,0
59.5099999999967,198.901677668143,-113.969749042047,-15.5150144618834,0
59.5199999999967,198.534645237356,-113.798211718809,-15.5107394928314,0
59.5299999999967,198.173521763945,-113.625066428183,-15.5088265083477,0
59.5399999999967,197.82086437984,-113.449005264386,-15.5063086508175,0
59.5499999999967,197.470176808663,-113.272783525699,-15.5032743610515,0
59.5599999999967,197.111756765732,-113.100640903457,-15.5014870477316,0
59.5699999999967,196.767578033629,-112.923071293669,-15.4982435447798,0
59.5799999999967,196.42721704568,-112.744707608402,-15.4962321149066,0
59.5899999999967,195.298996304566,-112.899656520967,-15.4960763212333,0
59.5999999999967,194.96627112807,-112.718311883662,-15.4959892084974,0
59.6099999999967,194.660640104616,-112.526173533181,-15.4942543938175,0
59.6199999999967,194.355242280287,-112.334888902747,-15.4943709972421,0
59.6299999999967,194.052045950335,-112.143293070412,-15.4920295959345,0
59.6399999999967,193.763984084156,-111.946387415468,-15.4932192534879,0
59.6499999999967,193.479295150924,-111.74863758436,-15.4910177641321,0
59.6599999999967,193.192734934086,-111.552775032312,-15.4923374873527,0
59.6699999999967,192.90951912936,-111.356176288659,-15.491501529641,0
59.6799999999967,191.795173809004,-111.511199627113,-15.4928174046485,0
59.6899999999967,191.534440988783,-111.305481586605,-15.4939992184195,0
59.6999999999967,191.272874920778,-111.100794437686,-15.4924376582839,0
59.7099999999967,191.006521221193,-110.899146089945,-15.4927919517484,0
59.7199999999967,190.753739755358,-110.692707659331,-15.4939355063626,0
59.7299999999967,190.510506052405,-110.48319601767,-15.4957691307737,0
59.7399999999967,189.404899306595,-110.638153718784,-15.4957691321615,0
59.7499999999967,188.29774299264,-110.79311138764,-15.4957691335585,0
59.7599999999967,188.098753150872,-110.564555874081,-15.4966322788929,0
59.7699999999967,186.99233276397,-110.719522202387,-15.4966322793625,0
59.7799999999967,185.884362723678,-110.874488513917,-15.4966322774999,0
59.7899999999967,184.774843011051,-111.029454840347,-15.4966322798282,0
59.7999999999967,183.663773648441,-111.18442116864,-15.4966322805267,0
59.8099999999967,182.551154613495,-111.33938748762,-15.4966322779655,0
59.8199999999967,181.436985932291,-111.494353832677,-15.4966322779655,0
59.8299999999967,181.36011852753,-111.211899147901,-15.4957506829635,0
59.8399999999967,180.247224714607,-111.366856649518,-15.4957506842911,0
59.8499999999967,179.132781371474,-111.521814169362,-15.4957506824285,0
59.8599999999967,178.016788419336,-111.676771668717,-15.4957506833598,0
59.8699999999967,176.899245951325,-111.831729175523,-15.4957506833598,0
59.8799999999967,176.913795755881,-111.510364617468,-15.4958619556346,0
59.8899999999967,175.797917302698,-111.66532324627,-15.4958619552199,0
59.8999999999967,174.680489264429,-111.820281876251,-15.4958619545214,0
59.9099999999966,173.561511639506,-111.975240498781,-15.4958619552199,0
59.9199999999966,172.440984439105,-112.130199117586,-15.4958619559184,0
59.9299999999966,172.545098383664,-111.770595991589,-15.4912622233117,0
59.9399999999966,171.426617853343,-111.925508631393,-15.4912622247357,0
